character,character,gender,genre,k_means_cluster,role,status,word_count
1H4_Archbishop,1H4_Archbishop,m,history,3,other,1,258
1H4_Bardolph,1H4_Bardolph,m,history,4,other,5,201
1H4_Blunt,1H4_Blunt,m,history,3,other,2,299
1H4_Chamberlain,1H4_Chamberlain,m,history,4,other,6,149
1H4_Douglas,1H4_Douglas,m,history,0,other,1,341
1H4_Falstaff,1H4_Falstaff,m,history,4,fool,2,5510
1H4_Gadshill,1H4_Gadshill,m,history,4,other,6,343
1H4_Glendower,1H4_Glendower,m,history,3,other,0,608
1H4_HenryIV,1H4_HenryIV,m,history,3,other,0,2555
1H4_HenryV,1H4_HenryV,m,history,4,protag,1,4368
1H4_Hotspur,1H4_Hotspur,m,history,4,antag,1,4326
1H4_LadyPercy,1H4_LadyPercy,f,history,4,other,1,419
1H4_MistressQuickly,1H4_MistressQuickly,f,history,2,other,4,411
1H4_Mortimer,1H4_Mortimer,m,history,4,other,1,444
1H4_Northumberland,1H4_Northumberland,m,history,0,other,1,170
1H4_Poins,1H4_Poins,m,history,4,other,2,546
1H4_TRAVELERS.CARRIERS.1,1H4_TRAVELERS.CARRIERS.1,m,history,2,other,6,175
1H4_TRAVELERS.CARRIERS.2,1H4_TRAVELERS.CARRIERS.2,m,history,3,other,6,140
1H4_Vernon,1H4_Vernon,m,history,3,other,1,460
1H4_Westmoreland,1H4_Westmoreland,m,history,3,other,1,297
1H4_Worcester,1H4_Worcester,m,history,3,other,1,1421
1H6_Alanson,1H6_Alanson,m,history,1,other,1,359
1H6_Basset,1H6_Basset,m,history,3,other,2,191
1H6_Bastard,1H6_Bastard,m,history,0,other,1,222
1H6_Bedford,1H6_Bedford,m,history,4,other,1,595
1H6_Burgundy,1H6_Burgundy,m,history,1,other,1,334
1H6_CardinalBeaufort,1H6_CardinalBeaufort,m,history,3,other,1,727
1H6_Charles,1H6_Charles,m,history,4,antag,0,1019
1H6_Countess,1H6_Countess,f,history,4,other,1,350
1H6_Exeter,1H6_Exeter,m,history,0,other,1,444
1H6_General,1H6_General,m,history,3,other,2,202
1H6_Gloucester,1H6_Gloucester,m,history,4,other,1,1401
1H6_HenryVI,1H6_HenryVI,m,history,3,protag,0,1330
1H6_JohnTalbot,1H6_JohnTalbot,m,history,2,other,2,400
1H6_Lucy,1H6_Lucy,m,history,3,other,2,586
1H6_MESSENGERS.ENGLISH.1,1H6_MESSENGERS.ENGLISH.1,m,history,3,other,6,126
1H6_MESSENGERS.ENGLISH.3,1H6_MESSENGERS.ENGLISH.3,m,history,3,other,6,338
1H6_MESSENGERS.FRENCH.1,1H6_MESSENGERS.FRENCH.1,m,history,4,other,6,102
1H6_MasterGunner,1H6_MasterGunner,m,history,0,other,6,138
1H6_Mayor,1H6_Mayor,m,history,3,other,3,151
1H6_Mortimer,1H6_Mortimer,m,history,0,other,1,651
1H6_QueenMargaret,1H6_QueenMargaret,f,history,2,other,1,254
1H6_Reignier,1H6_Reignier,m,history,4,other,1,444
1H6_Salisbury,1H6_Salisbury,m,history,0,other,1,113
1H6_Shepherd,1H6_Shepherd,m,history,2,other,5,201
1H6_Somerset,1H6_Somerset,m,history,0,other,1,513
1H6_Suffolk,1H6_Suffolk,m,history,4,other,1,1304
1H6_Talbot,1H6_Talbot,m,history,4,other,2,3109
1H6_Vernon,1H6_Vernon,m,history,4,other,2,237
1H6_Warwick,1H6_Warwick,m,history,0,other,1,542
1H6_York,1H6_York,m,history,4,other,1,1385
2H4_Archbishop,2H4_Archbishop,m,history,3,other,1,1094
2H4_Bardolph,2H4_Bardolph,m,history,4,other,5,310
2H4_Bedford,2H4_Bedford,m,history,4,other,1,812
2H4_Bullcalf,2H4_Bullcalf,m,history,2,other,6,109
2H4_ChiefJustice,2H4_ChiefJustice,m,history,3,antag,1,1137
2H4_Clarence,2H4_Clarence,m,history,4,other,1,170
2H4_Davy,2H4_Davy,m,history,3,other,6,276
2H4_DollTearsheet,2H4_DollTearsheet,f,history,4,other,6,638
2H4_Falstaff,2H4_Falstaff,m,history,4,fool,2,5477
2H4_Gloucester,2H4_Gloucester,m,history,1,other,1,122
2H4_Hastings,2H4_Hastings,m,history,3,other,1,415
2H4_HenryIV,2H4_HenryIV,m,history,4,other,0,2281
2H4_HenryV,2H4_HenryV,m,history,4,protag,1,2445
2H4_LadyPercy,2H4_LadyPercy,f,history,3,other,1,372
2H4_LordBardolph,2H4_LordBardolph,m,history,3,other,1,643
2H4_MistressQuickly,2H4_MistressQuickly,f,history,4,other,4,1425
2H4_Morton,2H4_Morton,m,history,3,other,2,633
2H4_Mowbray,2H4_Mowbray,m,history,3,other,1,434
2H4_Northumberland,2H4_Northumberland,m,history,3,other,1,819
2H4_Pistol,2H4_Pistol,m,history,4,other,6,553
2H4_Poins,2H4_Poins,m,history,4,other,2,474
2H4_SERVANTS.FALSTAFF.1,2H4_SERVANTS.FALSTAFF.1,m,history,4,other,6,214
2H4_Shallow,2H4_Shallow,m,history,1,other,2,1570
2H4_Silence,2H4_Silence,m,history,3,other,2,257
2H4_Travers,2H4_Travers,m,history,1,other,6,112
2H4_Warwick,2H4_Warwick,m,history,0,other,1,573
2H4_Westmoreland,2H4_Westmoreland,m,history,3,other,1,851
2H6_Bevis,2H6_Bevis,m,history,3,other,6,168
2H6_Bolingbroke,2H6_Bolingbroke,m,history,3,other,6,181
2H6_Buckingham,2H6_Buckingham,m,history,3,other,1,562
2H6_Cade,2H6_Cade,m,history,4,other,4,2142
2H6_CardinalBeaufort,2H6_CardinalBeaufort,m,history,3,other,1,816
2H6_Clifford,2H6_Clifford,m,history,4,other,1,468
2H6_Dick,2H6_Dick,m,history,1,other,4,327
2H6_DuchessOfGloucester,2H6_DuchessOfGloucester,f,history,4,other,1,963
2H6_Gloucester,2H6_Gloucester,m,history,4,other,1,2346
2H6_HenryVI,2H6_HenryVI,m,history,4,other,0,2480
2H6_Holland,2H6_Holland,m,history,1,other,6,189
2H6_Horner,2H6_Horner,m,history,2,other,4,171
2H6_Hume,2H6_Hume,m,history,3,other,3,244
2H6_Iden,2H6_Iden,m,history,2,other,3,432
2H6_Lieutenant,2H6_Lieutenant,m,history,3,other,6,480
2H6_QueenMargaret,2H6_QueenMargaret,f,history,4,other,0,2503
2H6_RichardIII,2H6_RichardIII,m,history,0,other,1,195
2H6_Salisbury,2H6_Salisbury,m,history,3,other,1,723
2H6_Saye,2H6_Saye,m,history,0,other,1,361
2H6_Simpcox,2H6_Simpcox,m,history,2,other,6,167
2H6_Smith,2H6_Smith,m,history,0,other,4,164
2H6_Somerset,2H6_Somerset,m,history,3,other,1,182
2H6_Stafford,2H6_Stafford,m,history,3,other,2,112
2H6_Suffolk,2H6_Suffolk,m,history,4,other,1,2306
2H6_Thump,2H6_Thump,m,history,2,other,5,197
2H6_Warwick,2H6_Warwick,m,history,4,other,1,1065
2H6_Whitmore,2H6_Whitmore,m,history,2,other,6,153
2H6_York,2H6_York,m,history,4,other,1,2990
2H6_YoungClifford,2H6_YoungClifford,m,history,4,other,1,346
3H6_Clarence,3H6_Clarence,m,history,4,other,1,836
3H6_Clifford,3H6_Clifford,m,history,4,other,1,1092
3H6_EdwardIV,3H6_EdwardIV,m,history,4,other,1,3483
3H6_Exeter,3H6_Exeter,m,history,1,other,1,136
3H6_Father,3H6_Father,m,history,2,other,6,218
3H6_GAMEKEEPERS.1,3H6_GAMEKEEPERS.1,m,history,0,other,5,147
3H6_GAMEKEEPERS.2,3H6_GAMEKEEPERS.2,m,history,0,other,5,123
3H6_Hastings,3H6_Hastings,m,history,0,other,1,158
3H6_HenryVI,3H6_HenryVI,m,history,4,other,0,2904
3H6_KingLewis,3H6_KingLewis,m,history,0,other,0,516
3H6_MESSENGERS.Post,3H6_MESSENGERS.Post,m,history,0,other,6,224
3H6_MESSENGERS.X.2,3H6_MESSENGERS.X.2,m,history,3,other,6,162
3H6_Montague,3H6_Montague,m,history,3,other,1,118
3H6_Montgomery,3H6_Montgomery,m,history,2,other,2,119
3H6_Northumberland,3H6_Northumberland,m,history,0,other,1,244
3H6_Oxford,3H6_Oxford,m,history,4,other,1,277
3H6_PrinceEdward,3H6_PrinceEdward,m,history,2,other,1,358
3H6_QueenElizabeth,3H6_QueenElizabeth,f,history,2,other,2,594
3H6_QueenMargaret,3H6_QueenMargaret,f,history,4,other,0,2246
3H6_RichardIII,3H6_RichardIII,m,history,4,other,1,3174
3H6_Rutland,3H6_Rutland,m,history,0,other,1,196
3H6_Somerset,3H6_Somerset,m,history,0,other,1,262
3H6_Son,3H6_Son,m,history,2,other,6,190
3H6_Warwick,3H6_Warwick,m,history,4,other,1,3414
3H6_York,3H6_York,m,history,4,other,1,1358
AWW_Bertram,AWW_Bertram,m,comedy,4,antag,1,2033
AWW_Countess,AWW_Countess,f,comedy,4,other,1,2175
AWW_Diana,AWW_Diana,f,comedy,2,other,4,1024
AWW_Duke,AWW_Duke,m,comedy,3,other,1,124
AWW_King,AWW_King,m,comedy,4,other,0,2831
AWW_LORDS.DUMAINE.1,AWW_LORDS.DUMAINE.1,m,comedy,3,other,1,1100
AWW_LORDS.DUMAINE.2,AWW_LORDS.DUMAINE.2,m,comedy,0,other,1,837
AWW_Lafew,AWW_Lafew,m,comedy,4,other,1,2219
AWW_Mariana,AWW_Mariana,f,comedy,3,other,4,172
AWW_Parolles,AWW_Parolles,m,comedy,4,other,4,2995
AWW_SOLDIERS.Interpreter,AWW_SOLDIERS.Interpreter,m,comedy,4,other,6,607
AWW_Steward,AWW_Steward,m,comedy,4,other,4,345
AWW_Widow,AWW_Widow,f,comedy,4,other,4,435
AYL_Adam,AYL_Adam,m,comedy,2,other,6,513
AYL_Audrey,AYL_Audrey,f,comedy,4,other,6,149
AYL_Celia,AYL_Celia,f,comedy,4,other,1,2106
AYL_Charles,AYL_Charles,m,comedy,4,other,5,375
AYL_Corin,AYL_Corin,m,comedy,4,other,5,549
AYL_DukeFrederick,AYL_DukeFrederick,m,comedy,0,antag,0,529
AYL_DukeSenior,AYL_DukeSenior,m,comedy,4,other,0,808
AYL_Hymen,AYL_Hymen,m,comedy,0,other,7,134
AYL_Jaques,AYL_Jaques,m,comedy,4,other,1,1769
AYL_LORDS.FREDERICK.LeBeau,AYL_LORDS.FREDERICK.LeBeau,m,comedy,3,other,2,371
AYL_LORDS.SENIOR.0.1,AYL_LORDS.SENIOR.0.1,m,comedy,3,other,1,359
AYL_LORDS.SENIOR.Amiens,AYL_LORDS.SENIOR.Amiens,m,comedy,1,other,1,278
AYL_Oliver,AYL_Oliver,m,comedy,0,other,2,1164
AYL_Orlando,AYL_Orlando,m,comedy,4,other,2,2370
AYL_Phoebe,AYL_Phoebe,f,comedy,2,other,5,694
AYL_Rosalind,AYL_Rosalind,f,comedy,4,protag,1,5697
AYL_SERVANTS.1,AYL_SERVANTS.1,m,comedy,0,other,6,213
AYL_SERVANTS.2,AYL_SERVANTS.2,m,comedy,0,other,6,196
AYL_SecondBrother,AYL_SecondBrother,m,comedy,0,other,2,128
AYL_Silvius,AYL_Silvius,m,comedy,1,other,5,540
Ado_Balthasar,Ado_Balthasar,m,comedy,1,other,2,180
Ado_Beatrice,Ado_Beatrice,f,comedy,0,protag,1,2359
Ado_Benedick,Ado_Benedick,m,comedy,4,other,1,3761
Ado_Borachio,Ado_Borachio,m,comedy,4,other,2,997
Ado_Claudio,Ado_Claudio,m,comedy,0,other,1,2012
Ado_Conrade,Ado_Conrade,m,comedy,3,other,2,248
Ado_Dogberry,Ado_Dogberry,m,comedy,4,fool,4,1541
Ado_DonJohn,Ado_DonJohn,m,comedy,0,antag,1,900
Ado_DonPedro,Ado_DonPedro,m,comedy,4,other,0,2461
Ado_FriarFrancis,Ado_FriarFrancis,m,comedy,3,other,2,592
Ado_Hero,Ado_Hero,f,comedy,4,other,1,980
Ado_Leonato,Ado_Leonato,m,comedy,2,other,1,2642
Ado_LeonatosBrother,Ado_LeonatosBrother,m,comedy,4,other,1,396
Ado_MESSENGERS.LEONATO.1,Ado_MESSENGERS.LEONATO.1,m,comedy,3,other,2,211
Ado_Margaret,Ado_Margaret,f,comedy,4,other,2,548
Ado_Sexton,Ado_Sexton,m,comedy,3,other,5,106
Ado_Ursula,Ado_Ursula,f,comedy,3,other,2,362
Ado_Verges,Ado_Verges,m,comedy,0,other,5,185
Ado_WATCHMEN.1,Ado_WATCHMEN.1,m,comedy,0,other,6,101
Ado_WATCHMEN.Seacoal,Ado_WATCHMEN.Seacoal,m,comedy,1,other,6,106
Ant_Agrippa,Ant_Agrippa,m,tragedy,1,other,2,376
Ant_Alexas,Ant_Alexas,m,tragedy,1,other,2,207
Ant_Ambassador,Ant_Ambassador,m,tragedy,3,other,2,107
Ant_Antony,Ant_Antony,m,tragedy,4,protag,0,5998
Ant_Canidius,Ant_Canidius,m,tragedy,1,other,2,165
Ant_Charmian,Ant_Charmian,f,tragedy,4,other,2,632
Ant_Cleopatra,Ant_Cleopatra,f,tragedy,4,other,0,4695
Ant_Diomedes,Ant_Diomedes,m,tragedy,1,other,2,128
Ant_Dolabella,Ant_Dolabella,m,tragedy,1,other,1,286
Ant_Enobarbus,Ant_Enobarbus,m,tragedy,4,other,1,2436
Ant_Eros,Ant_Eros,m,tragedy,4,other,6,284
Ant_GUARDS.Dercetus,Ant_GUARDS.Dercetus,m,tragedy,2,other,6,159
Ant_Iras,Ant_Iras,f,tragedy,1,other,2,160
Ant_Lepidus,Ant_Lepidus,m,tragedy,3,other,0,411
Ant_MESSENGERS.X.2,Ant_MESSENGERS.X.2,m,tragedy,1,other,6,224
Ant_Maecenas,Ant_Maecenas,m,tragedy,1,other,2,255
Ant_Mardian,Ant_Mardian,m,tragedy,3,other,2,118
Ant_Menas,Ant_Menas,m,tragedy,1,other,4,459
Ant_Octavia,Ant_Octavia,f,tragedy,2,other,1,234
Ant_Octavius,Ant_Octavius,m,tragedy,4,antag,0,2889
Ant_Philo,Ant_Philo,m,tragedy,3,other,2,125
Ant_Pompey,Ant_Pompey,m,tragedy,4,other,0,931
Ant_Proculeius,Ant_Proculeius,m,tragedy,1,other,2,211
Ant_Scarus,Ant_Scarus,m,tragedy,3,other,3,267
Ant_Thidias,Ant_Thidias,m,tragedy,1,other,2,182
Ant_Ventidius,Ant_Ventidius,m,tragedy,3,other,2,220
Cor_Adrian,Cor_Adrian,m,tragedy,4,other,6,160
Cor_Aufidius,Cor_Aufidius,m,tragedy,4,other,1,2034
Cor_CITIZENS.ROMAN,Cor_CITIZENS.ROMAN,m,tragedy,1,other,5,149
Cor_CITIZENS.ROMAN.0.1,Cor_CITIZENS.ROMAN.0.1,m,tragedy,1,other,5,477
Cor_CITIZENS.ROMAN.0.2,Cor_CITIZENS.ROMAN.0.2,m,tragedy,1,other,5,460
Cor_CITIZENS.ROMAN.0.3,Cor_CITIZENS.ROMAN.0.3,m,tragedy,1,other,5,186
Cor_CITIZENS.ROMAN.2,Cor_CITIZENS.ROMAN.2,m,tragedy,1,other,5,119
Cor_CITIZENS.ROMAN.3,Cor_CITIZENS.ROMAN.3,m,tragedy,1,other,5,461
Cor_Cominius,Cor_Cominius,m,tragedy,0,other,1,1919
Cor_Coriolanus,Cor_Coriolanus,m,tragedy,4,protag,1,6481
Cor_LORDS.VOLSCIAN.0.1,Cor_LORDS.VOLSCIAN.0.1,m,tragedy,1,other,1,100
Cor_Lartius,Cor_Lartius,m,tragedy,4,other,2,394
Cor_MESSENGERS.TRIBUNES.1,Cor_MESSENGERS.TRIBUNES.1,m,tragedy,0,other,6,109
Cor_MESSENGERS.TRIBUNES.2,Cor_MESSENGERS.TRIBUNES.2,m,tragedy,3,other,6,137
Cor_Menenius,Cor_Menenius,m,tragedy,4,other,1,4288
Cor_Nicanor,Cor_Nicanor,m,tragedy,3,other,6,234
Cor_OFFICERS.1,Cor_OFFICERS.1,m,tragedy,1,other,4,114
Cor_OFFICERS.2,Cor_OFFICERS.2,m,tragedy,1,other,4,186
Cor_SENATORS.ROMAN.0.1,Cor_SENATORS.ROMAN.0.1,m,tragedy,1,other,2,278
Cor_SENATORS.VOLSCIAN.0.1,Cor_SENATORS.VOLSCIAN.0.1,m,tragedy,1,other,2,108
Cor_SERVANTS.1,Cor_SERVANTS.1,m,tragedy,4,other,6,248
Cor_SERVANTS.2,Cor_SERVANTS.2,m,tragedy,2,other,6,267
Cor_SERVANTS.3,Cor_SERVANTS.3,m,tragedy,3,other,6,397
Cor_TRIBUNES.Brutus,Cor_TRIBUNES.Brutus,m,tragedy,1,antag,4,1603
Cor_TRIBUNES.Sicinius,Cor_TRIBUNES.Sicinius,m,tragedy,0,other,4,1927
Cor_Valeria,Cor_Valeria,f,tragedy,3,other,1,355
Cor_Virgilia,Cor_Virgilia,f,tragedy,2,other,1,238
Cor_Volumnia,Cor_Volumnia,f,tragedy,4,other,1,2414
Cor_WATCHMEN.1,Cor_WATCHMEN.1,m,tragedy,1,other,6,252
Cym_ATTENDANTS.0.2,Cym_ATTENDANTS.0.2,m,tragedy,3,other,1,102
Cym_ATTENDANTS.1,Cym_ATTENDANTS.1,m,tragedy,0,other,1,506
Cym_ATTENDANTS.CLOTEN.1,Cym_ATTENDANTS.CLOTEN.1,m,tragedy,3,other,1,190
Cym_ATTENDANTS.CLOTEN.2,Cym_ATTENDANTS.CLOTEN.2,m,tragedy,0,other,1,313
Cym_Arviragus,Cym_Arviragus,m,tragedy,2,other,1,947
Cym_Belarius,Cym_Belarius,m,tragedy,4,other,1,2503
Cym_Cloten,Cym_Cloten,m,tragedy,0,fool,1,2001
Cym_Cornelius,Cym_Cornelius,m,tragedy,4,other,3,522
Cym_Cymbeline,Cym_Cymbeline,m,tragedy,4,other,0,1988
Cym_Frenchman,Cym_Frenchman,m,tragedy,3,other,5,180
Cym_GHOSTS.Father,Cym_GHOSTS.Father,m,tragedy,4,other,2,230
Cym_Guiderius,Cym_Guiderius,m,tragedy,4,other,1,1110
Cym_Iachimo,Cym_Iachimo,m,tragedy,4,antag,2,3193
Cym_Imogen,Cym_Imogen,f,tragedy,2,protag,1,4417
Cym_JAILERS.1,Cym_JAILERS.1,m,tragedy,4,other,6,412
Cym_Jupiter,Cym_Jupiter,m,tragedy,0,other,7,154
Cym_Lucius,Cym_Lucius,m,tragedy,4,other,2,721
Cym_Philario,Cym_Philario,m,tragedy,0,other,2,292
Cym_Pisanio,Cym_Pisanio,m,tragedy,4,other,2,1499
Cym_Posthumus,Cym_Posthumus,m,tragedy,4,other,2,3391
Cym_Queen,Cym_Queen,f,tragedy,4,other,0,1209
Cym_SENATORS.1,Cym_SENATORS.1,m,tragedy,3,other,2,101
Err_Abbess,Err_Abbess,f,comedy,3,other,3,552
Err_Adriana,Err_Adriana,f,comedy,0,other,2,2093
Err_Angelo,Err_Angelo,m,comedy,4,other,3,634
Err_AntipholusOfEphesus,Err_AntipholusOfEphesus,m,comedy,2,antag,2,1745
Err_AntipholusOfSyracuse,Err_AntipholusOfSyracuse,m,comedy,2,protag,2,2083
Err_Balthasar,Err_Balthasar,m,comedy,3,other,3,202
Err_Courtesan,Err_Courtesan,f,comedy,0,other,4,293
Err_DromioOfEphesus,Err_DromioOfEphesus,m,comedy,2,fool,6,1356
Err_DromioOfSyracuse,Err_DromioOfSyracuse,m,comedy,4,fool,6,2075
Err_Duke,Err_Duke,m,comedy,4,other,0,693
Err_Egeon,Err_Egeon,m,comedy,4,other,2,1097
Err_Luciana,Err_Luciana,f,comedy,4,other,2,760
Err_Merchant1,Err_Merchant1,m,comedy,4,other,3,114
Err_Merchant2,Err_Merchant2,m,comedy,4,other,3,268
Err_Messenger,Err_Messenger,m,comedy,0,other,6,130
Err_Pinch,Err_Pinch,m,comedy,0,other,3,103
H5_AMBASSADORS.0.1,H5_AMBASSADORS.0.1,m,history,0,other,2,132
H5_Alice,H5_Alice,f,history,1,other,2,164
H5_Bardolph,H5_Bardolph,m,history,4,other,5,224
H5_BishopOfCanterbury,H5_BishopOfCanterbury,m,history,3,other,1,1652
H5_BishopOfEly,H5_BishopOfEly,m,history,3,other,2,240
H5_Boy,H5_Boy,m,history,3,other,6,626
H5_Burgundy,H5_Burgundy,m,history,0,other,1,512
H5_Cambridge,H5_Cambridge,m,history,3,other,1,107
H5_Constable,H5_Constable,m,history,3,other,2,922
H5_Dauphin,H5_Dauphin,m,history,3,antag,1,905
H5_Exeter,H5_Exeter,m,history,3,other,1,965
H5_Fluellen,H5_Fluellen,m,history,3,other,4,2501
H5_Gower,H5_Gower,m,history,3,other,4,507
H5_Grandpre,H5_Grandpre,m,history,3,other,1,137
H5_HenryV,H5_HenryV,m,history,3,protag,0,8332
H5_Katherine,H5_Katherine,f,history,1,other,1,441
H5_KingOfFrance,H5_KingOfFrance,m,history,3,other,0,699
H5_MacMorris,H5_MacMorris,m,history,3,other,5,205
H5_MistressQuickly,H5_MistressQuickly,f,history,1,other,4,360
H5_Montjoy,H5_Montjoy,m,history,4,other,3,399
H5_Nym,H5_Nym,m,history,2,other,5,386
H5_Orleans,H5_Orleans,m,history,0,other,1,312
H5_Pistol,H5_Pistol,m,history,4,other,6,1118
H5_QueenOfFrance,H5_QueenOfFrance,f,history,3,other,0,188
H5_SOLDIERS.ENGLISH.Bates,H5_SOLDIERS.ENGLISH.Bates,m,history,1,other,6,167
H5_SOLDIERS.ENGLISH.Williams,H5_SOLDIERS.ENGLISH.Williams,m,history,4,other,6,621
H5_Westmoreland,H5_Westmoreland,m,history,3,other,1,144
H8_Abergavenny,H8_Abergavenny,m,history,3,other,2,114
H8_Anne,H8_Anne,f,history,2,other,1,376
H8_Buckingham,H8_Buckingham,m,history,4,other,1,1480
H8_Campeius,H8_Campeius,m,history,3,other,1,379
H8_Chamberlain,H8_Chamberlain,m,history,0,other,1,1130
H8_Chancellor,H8_Chancellor,m,history,0,other,2,212
H8_Cranmer,H8_Cranmer,m,history,4,other,1,1039
H8_Cromwell,H8_Cromwell,m,history,4,other,1,304
H8_GENTLEMEN.1,H8_GENTLEMEN.1,m,history,3,other,2,703
H8_GENTLEMEN.2,H8_GENTLEMEN.2,m,history,3,other,2,569
H8_GENTLEMEN.3,H8_GENTLEMEN.3,m,history,3,other,2,437
H8_Gardiner,H8_Gardiner,m,history,3,other,1,665
H8_Griffith,H8_Griffith,m,history,0,other,2,421
H8_HenryVIII,H8_HenryVIII,m,history,4,protag,0,3370
H8_Katherine,H8_Katherine,f,history,4,other,0,2885
H8_Lovell,H8_Lovell,m,history,3,other,2,475
H8_Norfolk,H8_Norfolk,m,history,3,other,1,1453
H8_OldLady,H8_OldLady,f,history,4,other,2,495
H8_Porter,H8_Porter,m,history,3,other,6,274
H8_SERVANTS.PORTER.1,H8_SERVANTS.PORTER.1,m,history,4,other,6,354
H8_Sands,H8_Sands,m,history,4,other,1,338
H8_Suffolk,H8_Suffolk,m,history,0,other,1,624
H8_Surrey,H8_Surrey,m,history,3,other,1,522
H8_Surveyor,H8_Surveyor,m,history,0,other,1,449
H8_Wolsey,H8_Wolsey,m,history,4,antag,1,3200
Ham_Barnardo,Ham_Barnardo,m,tragedy,4,other,4,226
Ham_Claudius,Ham_Claudius,m,tragedy,0,antag,0,4084
Ham_Fortinbras,Ham_Fortinbras,m,tragedy,0,other,0,187
Ham_Gertrude,Ham_Gertrude,f,tragedy,4,other,0,1050
Ham_Ghost,Ham_Ghost,m,tragedy,3,other,7,680
Ham_Gravedigger,Ham_Gravedigger,m,tragedy,0,fool,5,736
Ham_Guildenstern,Ham_Guildenstern,m,tragedy,4,other,2,323
Ham_Hamlet,Ham_Hamlet,m,tragedy,3,protag,1,11613
Ham_Horatio,Ham_Horatio,m,tragedy,0,other,2,2073
Ham_Laertes,Ham_Laertes,m,tragedy,3,other,1,1446
Ham_Marcellus,Ham_Marcellus,m,tragedy,4,other,4,440
Ham_Ophelia,Ham_Ophelia,f,tragedy,4,other,1,1183
Ham_Osric,Ham_Osric,m,tragedy,0,other,2,359
Ham_Polonius,Ham_Polonius,m,tragedy,4,other,1,2662
Ham_Rosencrantz,Ham_Rosencrantz,m,tragedy,3,other,2,708
Ham_Voltemand,Ham_Voltemand,m,tragedy,0,other,2,159
JC_Antony,JC_Antony,m,tragedy,4,antag,1,2537
JC_Artemidorus,JC_Artemidorus,m,tragedy,0,other,3,145
JC_Brutus,JC_Brutus,m,tragedy,4,protag,1,5388
JC_COMMONERS.Cobbler,JC_COMMONERS.Cobbler,m,tragedy,2,other,5,145
JC_Caesar,JC_Caesar,m,tragedy,1,other,0,1142
JC_Calphurnia,JC_Calphurnia,f,tragedy,3,other,1,203
JC_Casca,JC_Casca,m,tragedy,4,other,4,1073
JC_Cassius,JC_Cassius,m,tragedy,4,other,1,3708
JC_Cinna,JC_Cinna,m,tragedy,1,other,3,130
JC_CinnaPoet,JC_CinnaPoet,m,tragedy,2,other,3,104
JC_Decius,JC_Decius,m,tragedy,0,other,2,323
JC_Flavius,JC_Flavius,m,tragedy,3,other,4,207
JC_Ligarius,JC_Ligarius,m,tragedy,4,other,2,111
JC_Lucius,JC_Lucius,m,tragedy,2,other,6,206
JC_Marullus,JC_Marullus,m,tragedy,4,other,4,231
JC_Metellus,JC_Metellus,m,tragedy,1,other,2,121
JC_Octavius,JC_Octavius,m,tragedy,4,other,1,328
JC_PLEBEIANS.0.1,JC_PLEBEIANS.0.1,m,tragedy,3,other,5,217
JC_PLEBEIANS.0.2,JC_PLEBEIANS.0.2,m,tragedy,1,other,5,222
JC_PLEBEIANS.0.3,JC_PLEBEIANS.0.3,m,tragedy,1,other,5,213
JC_PLEBEIANS.0.4,JC_PLEBEIANS.0.4,m,tragedy,1,other,5,215
JC_Pindarus,JC_Pindarus,m,tragedy,2,other,6,120
JC_Portia,JC_Portia,f,tragedy,4,other,1,724
JC_SERVANTS.ANTONY.1,JC_SERVANTS.ANTONY.1,m,tragedy,3,other,6,119
JC_SOLDIERS.BRUTUS.Lucilius,JC_SOLDIERS.BRUTUS.Lucilius,m,tragedy,4,other,3,197
JC_SOLDIERS.BRUTUS.Messala,JC_SOLDIERS.BRUTUS.Messala,m,tragedy,4,other,3,254
JC_SOLDIERS.BRUTUS.Titinius,JC_SOLDIERS.BRUTUS.Titinius,m,tragedy,0,other,3,238
Jn_Arthur,Jn_Arthur,m,history,2,other,1,977
Jn_Austria,Jn_Austria,m,history,3,other,1,239
Jn_Bastard,Jn_Bastard,m,history,4,other,1,4087
Jn_Blanche,Jn_Blanche,f,history,2,other,1,332
Jn_CITIZENS.0.1,Jn_CITIZENS.0.1,m,history,0,other,2,517
Jn_Chatillion,Jn_Chatillion,m,history,3,other,2,296
Jn_Constance,Jn_Constance,f,history,4,other,1,2112
Jn_Dauphin,Jn_Dauphin,m,history,4,other,1,1194
Jn_HERALDS.ENGLISH,Jn_HERALDS.ENGLISH,m,history,0,other,3,101
Jn_Hubert,Jn_Hubert,m,history,4,other,2,1010
Jn_KingJohn,Jn_KingJohn,m,history,3,protag,0,3309
Jn_KingPhilip,Jn_KingPhilip,m,history,3,antag,0,1477
Jn_LadyFaulconbridge,Jn_LadyFaulconbridge,f,history,2,other,2,122
Jn_MESSENGERS.ENGLISH.1,Jn_MESSENGERS.ENGLISH.1,m,history,4,other,6,164
Jn_Melun,Jn_Melun,m,history,0,other,1,308
Jn_Pandulph,Jn_Pandulph,m,history,3,other,1,1264
Jn_Pembroke,Jn_Pembroke,m,history,0,other,1,610
Jn_PrinceHenry,Jn_PrinceHenry,m,history,0,other,0,221
Jn_QueenEleanor,Jn_QueenEleanor,f,history,3,other,1,424
Jn_RobertFaulconbridge,Jn_RobertFaulconbridge,m,history,2,other,2,179
Jn_Salisbury,Jn_Salisbury,m,history,3,other,1,1216
LLL_Armado,LLL_Armado,m,comedy,3,other,2,1733
LLL_Berowne,LLL_Berowne,m,comedy,4,other,2,4594
LLL_Boy,LLL_Boy,m,comedy,3,other,3,1107
LLL_Boyet,LLL_Boyet,m,comedy,0,other,1,1765
LLL_Dull,LLL_Dull,m,comedy,3,other,5,236
LLL_Dumaine,LLL_Dumaine,m,comedy,4,other,2,544
LLL_Holofernes,LLL_Holofernes,m,comedy,3,other,3,1302
LLL_Jaquenetta,LLL_Jaquenetta,f,comedy,1,other,6,100
LLL_Katherine,LLL_Katherine,f,comedy,4,other,1,388
LLL_King,LLL_King,m,comedy,4,protag,0,2359
LLL_Longaville,LLL_Longaville,m,comedy,4,other,2,518
LLL_Maria,LLL_Maria,f,comedy,0,other,1,295
LLL_Nathaniel,LLL_Nathaniel,m,comedy,4,other,4,520
LLL_Princess,LLL_Princess,f,comedy,0,antag,0,2179
LLL_Rosaline,LLL_Rosaline,f,comedy,0,other,1,1333
Lr_ATTENDANTS.CORDELIA.1,Lr_ATTENDANTS.CORDELIA.1,m,tragedy,1,other,2,163
Lr_ATTENDANTS.LEAR.0.3,Lr_ATTENDANTS.LEAR.0.3,m,tragedy,2,other,1,105
Lr_ATTENDANTS.X.3,Lr_ATTENDANTS.X.3,m,tragedy,3,other,2,123
Lr_ATTENDANTS.X.4,Lr_ATTENDANTS.X.4,m,tragedy,1,other,2,229
Lr_Albany,Lr_Albany,m,tragedy,4,other,1,1006
Lr_Cordelia,Lr_Cordelia,f,tragedy,2,other,0,825
Lr_Cornwall,Lr_Cornwall,m,tragedy,4,other,1,745
Lr_Doctor,Lr_Doctor,m,tragedy,0,other,2,124
Lr_Edgar,Lr_Edgar,m,tragedy,4,other,1,2903
Lr_Edmund,Lr_Edmund,m,tragedy,4,other,1,2369
Lr_France,Lr_France,m,tragedy,3,other,0,240
Lr_Gloucester,Lr_Gloucester,m,tragedy,4,other,1,2531
Lr_Goneril,Lr_Goneril,f,tragedy,4,antag,1,1473
Lr_Kent,Lr_Kent,m,tragedy,4,other,1,2586
Lr_Lear,Lr_Lear,m,tragedy,4,protag,0,5601
Lr_MESSENGERS.X.1,Lr_MESSENGERS.X.1,m,tragedy,0,other,2,117
Lr_Oswald,Lr_Oswald,m,tragedy,2,other,3,499
Lr_Regan,Lr_Regan,f,tragedy,4,other,1,1363
MM_Abhorson,MM_Abhorson,m,comedy,0,other,6,141
MM_Angelo,MM_Angelo,m,comedy,4,antag,1,2379
MM_Barnardine,MM_Barnardine,m,comedy,2,other,6,112
MM_Bawd,MM_Bawd,m,comedy,3,other,4,226
MM_Claudio,MM_Claudio,m,comedy,4,other,2,798
MM_Duke,MM_Duke,m,comedy,4,protag,0,6533
MM_Elbow,MM_Elbow,m,comedy,0,other,5,600
MM_Escalus,MM_Escalus,m,comedy,0,other,1,1418
MM_FriarPeter,MM_FriarPeter,m,comedy,3,other,3,273
MM_GENTLEMEN.1,MM_GENTLEMEN.1,m,comedy,3,other,2,169
MM_Isabella,MM_Isabella,f,comedy,4,other,2,3018
MM_Lucio,MM_Lucio,m,comedy,0,other,2,2318
MM_Mariana,MM_Mariana,f,comedy,2,other,2,484
MM_Pompey,MM_Pompey,m,comedy,4,fool,6,1292
MM_Provost,MM_Provost,m,comedy,0,other,4,1125
MND_Bottom,MND_Bottom,m,comedy,4,fool,5,2040
MND_Demetrius,MND_Demetrius,m,comedy,2,other,1,1066
MND_Egeus,MND_Egeus,m,comedy,4,other,1,296
MND_FAIRIES.TITANIA.0.1,MND_FAIRIES.TITANIA.0.1,m,comedy,4,other,7,104
MND_FAIRIES.TITANIA.1,MND_FAIRIES.TITANIA.1,m,comedy,1,other,7,187
MND_Flute,MND_Flute,m,comedy,4,other,5,355
MND_Helena,MND_Helena,f,comedy,4,other,1,1816
MND_Hermia,MND_Hermia,f,comedy,2,other,1,1284
MND_Hippolyta,MND_Hippolyta,f,comedy,3,other,0,250
MND_Lysander,MND_Lysander,m,comedy,4,other,1,1395
MND_Oberon,MND_Oberon,m,comedy,4,other,7,1607
MND_Philostrate,MND_Philostrate,m,comedy,0,other,2,183
MND_Quince,MND_Quince,m,comedy,4,other,5,962
MND_RobinGoodfellow,MND_RobinGoodfellow,m,comedy,4,other,7,1370
MND_Snout,MND_Snout,m,comedy,0,other,5,165
MND_Snug,MND_Snug,m,comedy,4,other,5,125
MND_Theseus,MND_Theseus,m,comedy,3,other,1,1724
MND_Titania,MND_Titania,f,comedy,3,other,7,1080
MV_Antonio,MV_Antonio,m,comedy,4,other,2,1434
MV_Arragon,MV_Arragon,m,comedy,4,other,0,496
MV_Bassanio,MV_Bassanio,m,comedy,4,other,2,2593
MV_Duke,MV_Duke,m,comedy,3,other,0,557
MV_Gratiano,MV_Gratiano,m,comedy,4,other,2,1373
MV_Jessica,MV_Jessica,f,comedy,4,other,3,660
MV_LanceletGobbo,MV_LanceletGobbo,m,comedy,4,fool,5,1452
MV_Lorenzo,MV_Lorenzo,m,comedy,3,other,2,1329
MV_Morocco,MV_Morocco,m,comedy,4,other,0,800
MV_Nerissa,MV_Nerissa,f,comedy,0,other,2,695
MV_OldGobbo,MV_OldGobbo,m,comedy,2,other,6,292
MV_Portia,MV_Portia,f,comedy,4,protag,1,4599
MV_Salarino,MV_Salarino,m,comedy,4,other,2,701
MV_Salerio,MV_Salerio,m,comedy,3,other,2,174
MV_Shylock,MV_Shylock,m,comedy,4,antag,3,2881
MV_Solanio,MV_Solanio,m,comedy,3,other,2,544
Mac_Angus,Mac_Angus,m,tragedy,1,other,1,137
Mac_Banquo,Mac_Banquo,m,tragedy,4,other,1,777
Mac_Doctor2,Mac_Doctor2,m,tragedy,4,other,3,290
Mac_Duncan,Mac_Duncan,m,tragedy,3,other,0,472
Mac_Gentlewoman,Mac_Gentlewoman,m,tragedy,2,other,2,181
Mac_Hecate,Mac_Hecate,f,tragedy,3,other,7,263
Mac_LadyMacbeth,Mac_LadyMacbeth,f,tragedy,4,other,0,1908
Mac_LadyMacduff,Mac_LadyMacduff,f,tragedy,4,other,1,292
Mac_Lennox,Mac_Lennox,m,tragedy,3,other,1,513
Mac_Lord,Mac_Lord,m,tragedy,3,other,1,158
Mac_MURDERERS.1,Mac_MURDERERS.1,m,tragedy,0,other,6,163
Mac_MURDERERS.2,Mac_MURDERERS.2,m,tragedy,4,other,6,100
Mac_Macbeth,Mac_Macbeth,m,tragedy,4,protag,0,5310
Mac_Macduff,Mac_Macduff,m,tragedy,4,other,1,1162
Mac_MacduffsSon,Mac_MacduffsSon,m,tragedy,4,other,1,143
Mac_Malcolm,Mac_Malcolm,m,tragedy,3,other,1,1508
Mac_Porter,Mac_Porter,m,tragedy,0,fool,6,307
Mac_Ross,Mac_Ross,m,tragedy,4,other,1,917
Mac_SOLDIERS.Captain,Mac_SOLDIERS.Captain,m,tragedy,3,other,4,236
Mac_Siward,Mac_Siward,m,tragedy,3,other,1,207
Mac_WITCHES.1,Mac_WITCHES.1,f,tragedy,3,other,6,467
Mac_WITCHES.2,Mac_WITCHES.2,f,tragedy,3,other,6,242
Mac_WITCHES.3,Mac_WITCHES.3,f,tragedy,3,other,6,246
Oth_Bianca,Oth_Bianca,f,tragedy,4,other,4,270
Oth_Brabantio,Oth_Brabantio,m,tragedy,4,other,1,1045
Oth_Cassio,Oth_Cassio,m,tragedy,4,other,2,1961
Oth_Desdemona,Oth_Desdemona,f,tragedy,2,other,1,2755
Oth_Duke,Oth_Duke,m,tragedy,3,other,0,476
Oth_Emilia,Oth_Emilia,f,tragedy,4,other,2,1823
Oth_GENTLEMEN.3,Oth_GENTLEMEN.3,m,tragedy,3,other,2,113
Oth_Gratiano,Oth_Gratiano,m,tragedy,0,other,1,165
Oth_Herald,Oth_Herald,m,tragedy,3,other,3,101
Oth_Iago,Oth_Iago,m,tragedy,4,antag,2,8438
Oth_Lodovico,Oth_Lodovico,m,tragedy,0,other,1,529
Oth_Montano,Oth_Montano,m,tragedy,3,other,1,420
Oth_Othello,Oth_Othello,m,tragedy,4,protag,1,6263
Oth_Roderigo,Oth_Roderigo,m,tragedy,0,other,2,861
Oth_SENATORS.0.1,Oth_SENATORS.0.1,m,tragedy,3,other,2,187
Per_Antiochus,Per_Antiochus,m,comedy,0,antag,0,483
Per_Bawd,Per_Bawd,f,comedy,4,other,4,840
Per_Bolt,Per_Bolt,m,comedy,3,other,5,656
Per_Cerimon,Per_Cerimon,m,comedy,4,other,1,731
Per_Cleon,Per_Cleon,m,comedy,3,other,0,841
Per_Dionyza,Per_Dionyza,f,comedy,4,other,0,677
Per_FISHERMEN.1,Per_FISHERMEN.1,m,comedy,4,other,5,314
Per_FISHERMEN.2,Per_FISHERMEN.2,m,comedy,4,other,5,222
Per_FISHERMEN.3,Per_FISHERMEN.3,m,comedy,4,other,5,151
Per_Helicanus,Per_Helicanus,m,comedy,0,other,1,872
Per_LORDS.TYRE.0.1,Per_LORDS.TYRE.0.1,m,comedy,0,other,1,140
Per_Leonine,Per_Leonine,m,comedy,1,other,2,143
Per_Lysimachus,Per_Lysimachus,m,comedy,4,other,0,721
Per_Marina,Per_Marina,f,comedy,2,other,1,1265
Per_Pander,Per_Pander,m,comedy,1,other,4,216
Per_Pericles,Per_Pericles,m,comedy,4,protag,0,4580
Per_Simonides,Per_Simonides,m,comedy,0,other,0,1136
Per_Thaisa,Per_Thaisa,f,comedy,2,other,1,566
Per_Thaliard,Per_Thaliard,m,comedy,0,other,1,207
R2_Aumerle,R2_Aumerle,m,history,2,other,1,676
R2_Bagot,R2_Bagot,m,history,0,other,2,171
R2_BishopOfCarlisle,R2_BishopOfCarlisle,m,history,0,other,1,485
R2_Bushy,R2_Bushy,m,history,0,other,2,272
R2_DuchessOfGloucester,R2_DuchessOfGloucester,f,history,4,other,1,457
R2_DuchessOfYork,R2_DuchessOfYork,m,history,2,other,1,734
R2_Exton,R2_Exton,m,history,0,other,2,178
R2_Fitzwater,R2_Fitzwater,m,history,2,other,1,218
R2_Gardener,R2_Gardener,m,history,0,other,5,409
R2_Gaunt,R2_Gaunt,m,history,4,other,1,1515
R2_Green,R2_Green,m,history,0,other,2,243
R2_HenryIV,R2_HenryIV,m,history,4,antag,1,3117
R2_Hotspur,R2_Hotspur,m,history,3,other,1,352
R2_LordMarshal,R2_LordMarshal,m,history,3,other,1,202
R2_Mowbray,R2_Mowbray,m,history,4,other,1,1057
R2_Northumberland,R2_Northumberland,m,history,3,other,1,1104
R2_Queen,R2_Queen,f,history,0,other,0,910
R2_RichardII,R2_RichardII,m,history,4,protag,0,5986
R2_Ross,R2_Ross,m,history,3,other,1,178
R2_Salisbury,R2_Salisbury,m,history,4,other,1,156
R2_Scroop,R2_Scroop,m,history,3,other,2,285
R2_WelshCaptain,R2_WelshCaptain,m,history,1,other,4,121
R2_Willoughby,R2_Willoughby,m,history,4,other,1,102
R2_York,R2_York,m,history,0,other,1,2232
R3_Brakenbury,R3_Brakenbury,m,history,4,other,2,225
R3_Buckingham,R3_Buckingham,m,history,0,other,1,2918
R3_CITIZENS.2,R3_CITIZENS.2,m,history,3,other,5,104
R3_CITIZENS.3,R3_CITIZENS.3,m,history,0,other,5,230
R3_Catesby,R3_Catesby,m,history,0,other,2,435
R3_Clarence,R3_Clarence,m,history,4,other,1,1338
R3_ClarencesBoy,R3_ClarencesBoy,m,history,0,other,1,181
R3_Dorset,R3_Dorset,m,history,0,other,1,122
R3_DuchessOfYork,R3_DuchessOfYork,m,history,4,other,1,1093
R3_EdwardIV,R3_EdwardIV,m,history,0,other,1,524
R3_EdwardV,R3_EdwardV,m,history,4,other,1,411
R3_Grey,R3_Grey,m,history,0,other,1,134
R3_Hastings,R3_Hastings,m,history,2,other,1,1149
R3_HenryVII,R3_HenryVII,m,history,3,other,1,1066
R3_LadyAnne,R3_LadyAnne,f,history,4,other,1,1242
R3_MESSENGERS.X.2,R3_MESSENGERS.X.2,m,history,4,other,6,118
R3_MURDERERS.1,R3_MURDERERS.1,m,history,4,other,6,463
R3_MURDERERS.2,R3_MURDERERS.2,m,history,4,other,6,436
R3_MayorOfLondon,R3_MayorOfLondon,m,history,0,other,2,115
R3_QueenElizabeth,R3_QueenElizabeth,f,history,4,other,0,2122
R3_QueenMargaret,R3_QueenMargaret,f,history,4,other,0,1751
R3_Ratcliffe,R3_Ratcliffe,m,history,4,other,2,219
R3_RichardIII,R3_RichardIII,m,history,4,protag,1,8833
R3_Rivers,R3_Rivers,m,history,0,other,1,403
R3_Scrivener,R3_Scrivener,m,history,0,other,3,116
R3_Stanley,R3_Stanley,m,history,4,other,1,833
R3_Tyrrel,R3_Tyrrel,m,history,3,other,2,268
R3_York,R3_York,m,history,2,other,1,404
Rom_Benvolio,Rom_Benvolio,m,tragedy,4,other,1,1160
Rom_Capulet,Rom_Capulet,m,tragedy,2,other,1,2136
Rom_FriarLawrence,Rom_FriarLawrence,m,tragedy,4,other,2,2722
Rom_Juliet,Rom_Juliet,f,tragedy,4,other,1,4265
Rom_LadyCapulet,Rom_LadyCapulet,f,tragedy,4,other,1,874
Rom_Mercutio,Rom_Mercutio,m,tragedy,3,other,1,2100
Rom_Montague,Rom_Montague,m,tragedy,0,other,1,317
Rom_Nurse,Rom_Nurse,f,tragedy,1,other,2,2205
Rom_Paris,Rom_Paris,m,tragedy,2,other,1,540
Rom_PrinceEscalus,Rom_PrinceEscalus,m,tragedy,0,other,0,584
Rom_Romeo,Rom_Romeo,m,tragedy,4,protag,1,4673
Rom_SERVANTS.CAPULET.0.1,Rom_SERVANTS.CAPULET.0.1,m,tragedy,1,other,6,119
Rom_SERVANTS.CAPULET.Gregory,Rom_SERVANTS.CAPULET.Gregory,m,tragedy,4,other,6,145
Rom_SERVANTS.CAPULET.Peter,Rom_SERVANTS.CAPULET.Peter,m,tragedy,2,other,6,244
Rom_SERVANTS.CAPULET.Sampson,Rom_SERVANTS.CAPULET.Sampson,m,tragedy,2,other,6,258
Rom_SERVANTS.CAPULET.X.1,Rom_SERVANTS.CAPULET.X.1,m,tragedy,4,other,6,142
Rom_SERVANTS.MONTAGUE.Balthasar,Rom_SERVANTS.MONTAGUE.Balthasar,m,tragedy,0,other,6,233
Rom_Tybalt,Rom_Tybalt,m,tragedy,0,antag,1,263
Rom_WATCHMEN.0.1,Rom_WATCHMEN.0.1,m,tragedy,3,other,6,133
Shr_Baptista,Shr_Baptista,m,comedy,4,other,2,1289
Shr_Bianca,Shr_Bianca,f,comedy,2,other,2,544
Shr_Biondello,Shr_Biondello,m,comedy,3,other,6,817
Shr_Curtis,Shr_Curtis,m,comedy,1,other,5,170
Shr_Gremio,Shr_Gremio,m,comedy,4,other,2,1329
Shr_Grumio,Shr_Grumio,m,comedy,2,fool,3,1454
Shr_Hortensio,Shr_Hortensio,m,comedy,4,other,2,1575
Shr_Katherine,Shr_Katherine,f,comedy,4,other,2,1761
Shr_Lord,Shr_Lord,m,comedy,3,other,1,1059
Shr_Lucentio,Shr_Lucentio,m,comedy,4,other,2,1371
Shr_Merchant,Shr_Merchant,m,comedy,4,other,3,377
Shr_Petruchio,Shr_Petruchio,m,comedy,4,protag,2,4609
Shr_SERVANTS.LORD.0.1,Shr_SERVANTS.LORD.0.1,m,comedy,1,other,3,143
Shr_SERVANTS.LORD.0.2,Shr_SERVANTS.LORD.0.2,m,comedy,0,other,2,104
Shr_SERVANTS.LORD.0.3,Shr_SERVANTS.LORD.0.3,m,comedy,1,other,2,100
Shr_Sly,Shr_Sly,m,comedy,2,other,6,522
Shr_Tailor,Shr_Tailor,m,comedy,0,other,4,111
Shr_Tranio,Shr_Tranio,m,comedy,4,other,3,2262
Shr_Vincentio,Shr_Vincentio,m,comedy,4,other,2,346
TGV_Antonio,TGV_Antonio,m,comedy,0,other,2,262
TGV_Duke,TGV_Duke,m,comedy,4,other,0,1529
TGV_Eglamour,TGV_Eglamour,m,comedy,1,other,2,192
TGV_Host,TGV_Host,m,comedy,2,other,4,158
TGV_Julia,TGV_Julia,f,comedy,4,other,2,2430
TGV_Lance,TGV_Lance,m,comedy,4,fool,5,1852
TGV_Lucetta,TGV_Lucetta,f,comedy,4,other,6,556
TGV_OUTLAWS.1,TGV_OUTLAWS.1,m,comedy,4,other,6,159
TGV_OUTLAWS.2,TGV_OUTLAWS.2,m,comedy,3,other,6,105
TGV_OUTLAWS.3,TGV_OUTLAWS.3,m,comedy,3,other,6,210
TGV_Pantino,TGV_Pantino,m,comedy,4,other,6,311
TGV_Proteus,TGV_Proteus,m,comedy,4,antag,2,3350
TGV_Speed,TGV_Speed,m,comedy,2,fool,5,1456
TGV_Sylvia,TGV_Sylvia,m,comedy,2,other,1,1138
TGV_Thurio,TGV_Thurio,m,comedy,2,other,2,372
TGV_Valentine,TGV_Valentine,m,comedy,4,protag,2,2821
TNK_Arcite,TNK_Arcite,m,comedy,4,other,1,3671
TNK_COUNTRYMEN.0.1,TNK_COUNTRYMEN.0.1,m,comedy,1,other,6,105
TNK_COUNTRYMEN.0.2,TNK_COUNTRYMEN.0.2,m,comedy,1,other,6,235
TNK_COUNTRYMEN.0.3,TNK_COUNTRYMEN.0.3,m,comedy,1,other,6,162
TNK_COUNTRYMEN.0.4,TNK_COUNTRYMEN.0.4,m,comedy,3,other,6,104
TNK_Daughter,TNK_Daughter,f,comedy,4,other,5,2675
TNK_Doctor,TNK_Doctor,m,comedy,3,other,3,661
TNK_Emilia,TNK_Emilia,f,comedy,4,other,1,2713
TNK_FRIENDS.1,TNK_FRIENDS.1,m,comedy,1,other,6,152
TNK_FRIENDS.2,TNK_FRIENDS.2,m,comedy,3,other,6,147
TNK_Hippolyta,TNK_Hippolyta,f,comedy,4,other,0,711
TNK_Jailer,TNK_Jailer,m,comedy,4,other,5,750
TNK_MESSENGERS.X.1,TNK_MESSENGERS.X.1,m,comedy,0,other,6,329
TNK_Palamon,TNK_Palamon,m,comedy,4,other,1,4252
TNK_Pirithous,TNK_Pirithous,m,comedy,0,other,1,881
TNK_QUEENS.1,TNK_QUEENS.1,f,comedy,3,other,0,520
TNK_QUEENS.2,TNK_QUEENS.2,f,comedy,3,other,0,342
TNK_QUEENS.3,TNK_QUEENS.3,f,comedy,4,other,0,323
TNK_Schoolmaster,TNK_Schoolmaster,m,comedy,3,other,3,750
TNK_Theseus,TNK_Theseus,m,comedy,4,protag,0,2378
TNK_Wooer,TNK_Wooer,m,comedy,4,other,5,776
TN_ATTENDANTS.ORSINO.Valentine,TN_ATTENDANTS.ORSINO.Valentine,m,comedy,1,other,2,102
TN_AndrewAguecheek,TN_AndrewAguecheek,m,comedy,2,other,2,1171
TN_Antonio,TN_Antonio,m,comedy,4,other,3,803
TN_Captain,TN_Captain,m,comedy,3,other,4,239
TN_Fabian,TN_Fabian,m,comedy,0,other,6,862
TN_Malvolio,TN_Malvolio,m,comedy,4,antag,2,2224
TN_Maria,TN_Maria,f,comedy,0,other,2,1216
TN_OFFICERS.1,TN_OFFICERS.1,m,comedy,0,other,5,100
TN_Olivia,TN_Olivia,f,comedy,4,other,1,2311
TN_Orsino,TN_Orsino,m,comedy,4,other,0,1617
TN_Sebastian,TN_Sebastian,m,comedy,4,other,2,1005
TN_TobyBelch,TN_TobyBelch,m,comedy,4,other,2,2694
TN_Viola,TN_Viola,f,comedy,4,protag,2,2564
Tim_Alcibiades,Tim_Alcibiades,m,tragedy,4,other,2,1181
Tim_Apemantus,Tim_Apemantus,m,tragedy,4,other,1,1759
Tim_BANDITS.1,Tim_BANDITS.1,m,tragedy,0,other,6,105
Tim_FRIENDS.0.1,Tim_FRIENDS.0.1,m,tragedy,4,other,1,174
Tim_FRIENDS.0.2,Tim_FRIENDS.0.2,m,tragedy,4,other,1,171
Tim_FRIENDS.Lucius,Tim_FRIENDS.Lucius,m,tragedy,4,other,1,353
Tim_FRIENDS.Lucullus,Tim_FRIENDS.Lucullus,m,tragedy,4,other,1,282
Tim_FRIENDS.Sempronius,Tim_FRIENDS.Sempronius,m,tragedy,4,other,1,212
Tim_Flavius,Tim_Flavius,m,tragedy,2,other,3,1519
Tim_Fool,Tim_Fool,m,tragedy,3,fool,6,181
Tim_LORDS.0.1,Tim_LORDS.0.1,m,tragedy,1,other,1,122
Tim_LORDS.0.2,Tim_LORDS.0.2,m,tragedy,0,other,1,119
Tim_OldMan,Tim_OldMan,m,tragedy,0,other,2,207
Tim_SENATORS.0.1,Tim_SENATORS.0.1,m,tragedy,1,other,2,219
Tim_SENATORS.1,Tim_SENATORS.1,m,tragedy,3,other,2,376
Tim_SENATORS.2,Tim_SENATORS.2,m,tragedy,4,other,2,346
Tim_SENATORS.X,Tim_SENATORS.X,m,tragedy,2,other,2,281
Tim_SERVANTS.Caphis,Tim_SERVANTS.Caphis,m,tragedy,4,other,6,151
Tim_SERVANTS.LUCIUS.1,Tim_SERVANTS.LUCIUS.1,m,tragedy,0,other,6,193
Tim_SERVANTS.TIMON.Flaminius,Tim_SERVANTS.TIMON.Flaminius,m,tragedy,2,other,6,220
Tim_SERVANTS.TIMON.Servilius,Tim_SERVANTS.TIMON.Servilius,m,tragedy,2,other,6,129
Tim_SERVANTS.TIMON.X.2,Tim_SERVANTS.TIMON.X.2,m,tragedy,0,other,6,152
Tim_SERVANTS.VARRO.1,Tim_SERVANTS.VARRO.1,m,tragedy,3,other,6,122
Tim_SOLDIERS.1,Tim_SOLDIERS.1,m,tragedy,0,other,6,118
Tim_STRANGERS.1,Tim_STRANGERS.1,m,tragedy,0,other,2,230
Tit_Aaron,Tit_Aaron,m,tragedy,4,antag,2,2805
Tit_Aemilius,Tit_Aemilius,m,tragedy,4,other,1,132
Tit_Bassianus,Tit_Bassianus,m,tragedy,3,other,1,461
Tit_Chiron,Tit_Chiron,m,tragedy,4,other,1,403
Tit_CountryFellow,Tit_CountryFellow,m,tragedy,4,fool,6,173
Tit_Demetrius,Tit_Demetrius,m,tragedy,4,other,1,720
Tit_GOTHS.0.2,Tit_GOTHS.0.2,m,tragedy,4,other,6,170
Tit_Lavinia,Tit_Lavinia,f,tragedy,4,other,1,457
Tit_Lucius,Tit_Lucius,m,tragedy,4,other,1,1412
Tit_Marcus,Tit_Marcus,m,tragedy,4,other,1,2447
Tit_Martius,Tit_Martius,m,tragedy,4,other,1,273
Tit_Nurse,Tit_Nurse,f,tragedy,3,other,5,136
Tit_Publius,Tit_Publius,m,tragedy,1,other,1,112
Tit_Quintus,Tit_Quintus,m,tragedy,2,other,1,227
Tit_Saturninus,Tit_Saturninus,m,tragedy,4,other,1,1590
Tit_Tamora,Tit_Tamora,f,tragedy,4,other,0,1981
Tit_Titus,Tit_Titus,m,tragedy,4,protag,1,5712
Tit_YoungLucius,Tit_YoungLucius,m,tragedy,2,other,1,350
Tmp_Alonso,Tmp_Alonso,m,comedy,4,other,0,749
Tmp_Antonio,Tmp_Antonio,m,comedy,4,antag,1,991
Tmp_Ariel,Tmp_Ariel,m,comedy,4,other,7,1277
Tmp_Boatswain,Tmp_Boatswain,m,comedy,4,other,4,353
Tmp_Caliban,Tmp_Caliban,m,comedy,2,other,6,1351
Tmp_Ferdinand,Tmp_Ferdinand,m,comedy,4,other,1,982
Tmp_Gonzalo,Tmp_Gonzalo,m,comedy,4,other,2,1157
Tmp_Miranda,Tmp_Miranda,f,comedy,2,other,1,1014
Tmp_Prospero,Tmp_Prospero,m,comedy,4,protag,0,4712
Tmp_SPIRITS.Ceres,Tmp_SPIRITS.Ceres,f,comedy,4,other,7,155
Tmp_SPIRITS.Iris,Tmp_SPIRITS.Iris,f,comedy,3,other,7,297
Tmp_Sebastian,Tmp_Sebastian,m,comedy,0,other,1,699
Tmp_Stephano,Tmp_Stephano,m,comedy,2,other,5,1312
Tmp_Trinculo,Tmp_Trinculo,m,comedy,4,other,3,816
Tro_Achilles,Tro_Achilles,m,tragedy,4,other,2,1304
Tro_Aeneas,Tro_Aeneas,m,tragedy,0,other,2,1052
Tro_Agamemnon,Tro_Agamemnon,m,tragedy,3,other,2,1407
Tro_Ajax,Tro_Ajax,m,tragedy,4,other,1,539
Tro_Alexander,Tro_Alexander,m,tragedy,3,other,6,259
Tro_Andromache,Tro_Andromache,f,tragedy,3,other,1,113
Tro_Calchas,Tro_Calchas,m,tragedy,3,other,3,229
Tro_Cassandra,Tro_Cassandra,f,tragedy,4,other,1,259
Tro_Cressida,Tro_Cressida,f,tragedy,2,other,3,2119
Tro_Diomedes,Tro_Diomedes,m,tragedy,4,other,2,703
Tro_Hector,Tro_Hector,m,tragedy,4,other,1,1528
Tro_Helen,Tro_Helen,f,tragedy,1,other,1,187
Tro_Nestor,Tro_Nestor,m,tragedy,0,other,2,1135
Tro_Pandarus,Tro_Pandarus,m,tragedy,1,other,2,3154
Tro_Paris,Tro_Paris,m,tragedy,3,other,1,721
Tro_Patroclus,Tro_Patroclus,m,tragedy,4,other,3,404
Tro_Priam,Tro_Priam,m,tragedy,3,other,0,139
Tro_SERVANTS.PARIS.1,Tro_SERVANTS.PARIS.1,m,tragedy,4,other,6,117
Tro_Thersites,Tro_Thersites,m,tragedy,3,fool,5,2287
Tro_Troilus,Tro_Troilus,m,tragedy,4,protag,1,3962
Tro_Ulysses,Tro_Ulysses,m,tragedy,3,other,2,3520
WT_ATTENDANTS.0.1,WT_ATTENDANTS.0.1,m,comedy,4,other,1,261
WT_ATTENDANTS.1,WT_ATTENDANTS.1,m,comedy,3,other,2,221
WT_ATTENDANTS.2,WT_ATTENDANTS.2,m,comedy,0,other,2,126
WT_ATTENDANTS.3,WT_ATTENDANTS.3,m,comedy,3,other,2,594
WT_ATTENDANTS.X,WT_ATTENDANTS.X,m,comedy,0,other,1,172
WT_Antigonus,WT_Antigonus,m,comedy,4,other,1,785
WT_Archidamus,WT_Archidamus,m,comedy,4,other,1,176
WT_Camillo,WT_Camillo,m,comedy,4,other,1,2094
WT_Cleomenes,WT_Cleomenes,m,comedy,3,other,1,140
WT_Dion,WT_Dion,m,comedy,3,other,1,190
WT_Florizell,WT_Florizell,m,comedy,4,other,1,1391
WT_Hermione,WT_Hermione,f,comedy,4,other,0,1584
WT_LADIES.Emilia,WT_LADIES.Emilia,m,comedy,3,other,2,142
WT_Leontes,WT_Leontes,m,comedy,4,protag,0,4903
WT_Mamillius,WT_Mamillius,m,comedy,2,other,1,151
WT_Mopsa,WT_Mopsa,f,comedy,0,other,6,142
WT_OFFICERS.0.1,WT_OFFICERS.0.1,m,comedy,3,other,5,193
WT_Paulina,WT_Paulina,f,comedy,4,other,1,2390
WT_Perdita,WT_Perdita,f,comedy,4,other,1,898
WT_Polixenes,WT_Polixenes,m,comedy,4,antag,0,1960
WT_SERVANTS.SHEPHERD.1,WT_SERVANTS.SHEPHERD.1,m,comedy,3,other,3,315
WT_SERVANTS.X.3,WT_SERVANTS.X.3,m,comedy,3,other,2,119
WT_Shepherd,WT_Shepherd,m,comedy,0,other,5,1072
WT_ShepherdsSon,WT_ShepherdsSon,m,comedy,4,other,6,1597
Wiv_AnnePage,Wiv_AnnePage,f,comedy,2,other,3,185
Wiv_Bardolph,Wiv_Bardolph,m,comedy,4,other,5,168
Wiv_DoctorCaius,Wiv_DoctorCaius,m,comedy,2,other,3,819
Wiv_Falstaff,Wiv_Falstaff,m,comedy,4,antag,2,3649
Wiv_Fenton,Wiv_Fenton,m,comedy,4,other,2,750
Wiv_Host,Wiv_Host,m,comedy,2,other,3,855
Wiv_HughEvans,Wiv_HughEvans,m,comedy,0,other,3,1849
Wiv_MasterFord,Wiv_MasterFord,m,comedy,4,other,3,2530
Wiv_MasterPage,Wiv_MasterPage,m,comedy,4,other,3,1094
Wiv_MistressFord,Wiv_MistressFord,f,comedy,4,other,3,1293
Wiv_MistressPage,Wiv_MistressPage,f,comedy,4,protag,3,2528
Wiv_MistressQuickly,Wiv_MistressQuickly,f,comedy,4,other,4,2200
Wiv_Nym,Wiv_Nym,m,comedy,4,other,5,239
Wiv_Pistol,Wiv_Pistol,m,comedy,4,other,3,464
Wiv_Robin,Wiv_Robin,m,comedy,0,other,6,101
Wiv_Shallow,Wiv_Shallow,m,comedy,4,other,2,914
Wiv_Simple,Wiv_Simple,m,comedy,4,other,6,332
Wiv_Slender,Wiv_Slender,m,comedy,2,other,2,1171
