character,gender,role,genre,status,word_count
1H4_Archbishop,m,other,history,1,258
1H4_Bardolph,m,other,history,5,201
1H4_Bedford,m,other,history,1,64
1H4_Blunt,m,other,history,2,299
1H4_Chamberlain,m,other,history,6,149
1H4_DRAWERS.Francis,m,other,history,6,83
1H4_Douglas,m,other,history,1,341
1H4_Falstaff,m,fool,history,2,5510
1H4_Gadshill,m,other,history,6,343
1H4_Glendower,m,other,history,0,608
1H4_HenryIV,m,other,history,0,2555
1H4_HenryV,m,protag,history,1,4368
1H4_Hotspur,m,antag,history,1,4326
1H4_LadyPercy,f,other,history,1,419
1H4_MESSENGERS.1,m,other,history,6,7
1H4_MESSENGERS.2,m,other,history,6,8
1H4_MESSENGERS.X,m,other,history,6,49
1H4_MistressQuickly,f,other,history,4,411
1H4_Mortimer,m,other,history,1,444
1H4_Northumberland,m,other,history,1,170
1H4_Ostler,m,other,history,6,2
1H4_Peto,m,other,history,6,93
1H4_Poins,m,other,history,2,546
1H4_SERVANTS.HOTSPUR.1,m,other,history,6,19
1H4_Sheriff,m,other,history,4,59
1H4_SirMichael,m,other,history,2,53
1H4_TRAVELERS.CARRIERS,m,other,history,3,3
1H4_TRAVELERS.CARRIERS.1,m,other,history,6,175
1H4_TRAVELERS.CARRIERS.2,m,other,history,6,140
1H4_TRAVELERS.CARRIERS.X,m,other,history,6,4
1H4_TRAVELERS.GENTLEMEN,m,other,history,3,12
1H4_TRAVELERS.GENTLEMEN.0.1,m,other,history,4,31
1H4_Vernon,m,other,history,1,460
1H4_Vintner,m,other,history,6,33
1H4_Westmoreland,m,other,history,1,297
1H4_Worcester,m,other,history,1,1421
1H6_Alanson,m,other,history,1,359
1H6_Basset,m,other,history,2,191
1H6_Bastard,m,other,history,1,222
1H6_Bedford,m,other,history,1,595
1H6_Boy,m,other,history,6,32
1H6_Burgundy,m,other,history,1,334
1H6_CardinalBeaufort,m,other,history,1,727
1H6_Charles,m,antag,history,0,1019
1H6_Countess,f,other,history,1,350
1H6_Exeter,m,other,history,1,444
1H6_Fastolf,m,other,history,2,55
1H6_Gargrave,m,other,history,2,18
1H6_General,m,other,history,2,202
1H6_Glansdale,m,other,history,2,9
1H6_Gloucester,m,other,history,1,1401
1H6_HenryVI,m,protag,history,0,1330
1H6_JAILERS.0.1,m,other,history,6,30
1H6_JohnTalbot,m,other,history,2,400
1H6_Lawyer,m,other,history,3,29
1H6_Legate,m,other,history,2,7
1H6_Lucy,m,other,history,2,586
1H6_MESSENGERS.ENGLISH.1,m,other,history,6,126
1H6_MESSENGERS.ENGLISH.2,m,other,history,6,54
1H6_MESSENGERS.ENGLISH.3,m,other,history,6,338
1H6_MESSENGERS.ENGLISH.X.1,m,other,history,6,33
1H6_MESSENGERS.ENGLISH.X.2,m,other,history,6,49
1H6_MESSENGERS.FRENCH.1,m,other,history,6,102
1H6_MasterGunner,m,other,history,6,138
1H6_Mayor,m,other,history,3,151
1H6_Mortimer,m,other,history,1,651
1H6_OFFICERS.0.1,m,other,history,4,49
1H6_Porter,m,other,history,6,3
1H6_Pucelle,f,other,history,p,1957
1H6_QueenMargaret,f,other,history,1,254
1H6_Reignier,m,other,history,1,444
1H6_SERVANTS.1,m,other,history,6,5
1H6_SERVANTS.2,m,other,history,6,4
1H6_SERVANTS.3,m,other,history,6,9
1H6_SERVANTS.GLOUCESTER,m,other,history,6,18
1H6_SERVANTS.GLOUCESTER.0.1,m,other,history,6,40
1H6_SERVANTS.GLOUCESTER.0.2,m,other,history,6,83
1H6_SERVANTS.TALBOT.1,m,other,history,6,10
1H6_SERVANTS.WINCHESTER.0.1,m,other,history,6,29
1H6_SOLDIERS.ENGLISH.0.1,m,other,history,4,7
1H6_SOLDIERS.ENGLISH.1,m,other,history,6,34
1H6_SOLDIERS.ENGLISH.Captain,m,other,history,4,22
1H6_SOLDIERS.ENGLISH.SOMERSET.0.1,m,other,history,4,16
1H6_SOLDIERS.FRENCH.PUCELLE.0.1,m,other,history,6,21
1H6_SOLDIERS.FRENCH.Scout,m,other,history,6,31
1H6_SOLDIERS.FRENCH.Sergeant,m,other,history,3,31
1H6_Salisbury,m,other,history,1,113
1H6_Shepherd,m,other,history,5,201
1H6_Somerset,m,other,history,1,513
1H6_Suffolk,m,other,history,1,1304
1H6_Talbot,m,other,history,2,3109
1H6_Vernon,m,other,history,2,237
1H6_WARDERS.1,m,other,history,6,22
1H6_WARDERS.2,m,other,history,6,9
1H6_WATCHMEN.1,m,other,history,6,29
1H6_Warwick,m,other,history,1,542
1H6_Watchman,m,other,history,6,10
1H6_Woodville,m,other,history,2,38
1H6_York,m,other,history,1,1385
2H4_Archbishop,m,other,history,1,1094
2H4_BEADLES.0.1,m,other,history,5,72
2H4_Bardolph,m,other,history,5,310
2H4_Bedford,m,other,history,1,812
2H4_Bullcalf,m,other,history,6,109
2H4_ChiefJustice,m,antag,history,1,1137
2H4_Chorus,m,other,history,p,297
2H4_Clarence,m,other,history,1,170
2H4_Colevile,m,other,history,2,64
2H4_DRAWERS.1,m,other,history,6,68
2H4_DRAWERS.Francis,m,other,history,6,60
2H4_DRAWERS.Will,m,other,history,6,33
2H4_DRAWERS.X,m,other,history,6,9
2H4_Davy,m,other,history,6,276
2H4_DollTearsheet,f,other,history,6,638
2H4_Epilogue,m,other,history,p,331
2H4_Falstaff,m,fool,history,2,5477
2H4_Feeble,m,other,history,6,95
2H4_GROOMS.1,m,other,history,6,16
2H4_GROOMS.2,m,other,history,6,5
2H4_Gloucester,m,other,history,1,122
2H4_Harcourt,m,other,history,6,64
2H4_Hastings,m,other,history,1,415
2H4_HenryIV,m,other,history,0,2281
2H4_HenryV,m,protag,history,1,2445
2H4_LadyNorthumberland,f,other,history,1,38
2H4_LadyPercy,f,other,history,1,372
2H4_LordBardolph,m,other,history,1,643
2H4_MESSENGERS.1,m,other,history,6,33
2H4_MESSENGERS.Gower,m,other,history,6,56
2H4_MistressQuickly,f,other,history,4,1425
2H4_Morton,m,other,history,2,633
2H4_Mouldy,m,other,history,6,95
2H4_Mowbray,m,other,history,1,434
2H4_Northumberland,m,other,history,1,819
2H4_OFFICERS.Fang,m,other,history,5,53
2H4_OFFICERS.Snare,m,other,history,6,19
2H4_Peto,m,other,history,6,44
2H4_Pistol,m,other,history,6,553
2H4_Poins,m,other,history,2,474
2H4_Porter,m,other,history,6,28
2H4_SERVANTS.CHIEFJUSTICE.1,m,other,history,6,85
2H4_SERVANTS.FALSTAFF.1,m,other,history,6,214
2H4_Shadow,m,other,history,6,6
2H4_Shallow,m,other,history,2,1570
2H4_Silence,m,other,history,2,257
2H4_Travers,m,other,history,6,112
2H4_Wart,m,other,history,6,4
2H4_Warwick,m,other,history,1,573
2H4_Westmoreland,m,other,history,1,851
2H6_Beadle,m,other,history,5,12
2H6_Bevis,m,other,history,6,168
2H6_Bolingbroke,m,other,history,6,181
2H6_Buckingham,m,other,history,1,562
2H6_CITIZENS,m,other,history,6,20
2H6_CITIZENS.LONDON.0.1,m,other,history,6,38
2H6_CITIZENS.STALBANS.0.1,m,other,history,6,29
2H6_Cade,m,other,history,4,2142
2H6_CardinalBeaufort,m,other,history,1,816
2H6_Clerk,m,other,history,3,18
2H6_Clifford,m,other,history,1,468
2H6_Dick,m,other,history,4,327
2H6_DuchessOfGloucester,f,other,history,1,963
2H6_EdwardIV,m,other,history,1,8
2H6_FOLLOWERS.CADE,m,other,history,6,66
2H6_FOLLOWERS.CADE.0,m,other,history,6,70
2H6_GENTLEMEN.1,m,other,history,2,56
2H6_GENTLEMEN.2,m,other,history,2,10
2H6_George,m,other,history,6,34
2H6_Gloucester,m,other,history,1,2346
2H6_HERALDS.X.1,m,other,history,3,17
2H6_HenryVI,m,other,history,0,2480
2H6_Holland,m,other,history,6,189
2H6_Horner,m,other,history,4,171
2H6_Hume,m,other,history,3,244
2H6_Iden,m,other,history,3,432
2H6_Jourdain,f,other,history,6,27
2H6_Lieutenant,m,other,history,6,480
2H6_MESSENGERS.1,m,other,history,6,75
2H6_MESSENGERS.2,m,other,history,6,35
2H6_MESSENGERS.Post,m,other,history,6,45
2H6_MESSENGERS.X.1,m,other,history,6,24
2H6_MESSENGERS.X.2,m,other,history,6,32
2H6_MESSENGERS.X.3,m,other,history,6,59
2H6_MURDERERS.0.1,m,other,history,6,31
2H6_MURDERERS.0.2,m,other,history,6,17
2H6_Master,m,other,history,6,9
2H6_Mate,m,other,history,6,10
2H6_MayorOfStAlbans,m,other,history,3,15
2H6_Michael,m,other,history,6,62
2H6_NEIGHBORS.1,m,other,history,6,21
2H6_NEIGHBORS.2,m,other,history,6,8
2H6_NEIGHBORS.3,m,other,history,6,15
2H6_PETITIONERS,m,other,history,6,4
2H6_PETITIONERS.0.1,m,other,history,6,82
2H6_PETITIONERS.0.2,m,other,history,6,43
2H6_PRENTICES.1,m,other,history,5,10
2H6_PRENTICES.2,m,other,history,5,14
2H6_QueenMargaret,f,other,history,0,2503
2H6_RichardIII,m,other,history,1,195
2H6_SERVANTS.GLOUCESTER.0.1,m,other,history,6,13
2H6_SOLDIERS.1,m,other,history,6,4
2H6_Salisbury,m,other,history,1,723
2H6_Sawyer,m,other,history,6,32
2H6_Saye,m,other,history,1,361
2H6_Scales,m,other,history,1,64
2H6_Sheriff,m,other,history,4,34
2H6_Simpcox,m,other,history,6,167
2H6_SimpcoxWife,f,other,history,6,56
2H6_Smith,m,other,history,4,164
2H6_Somerset,m,other,history,1,182
2H6_Spirit,m,other,history,7,61
2H6_Stafford,m,other,history,2,112
2H6_Stanley,m,other,history,2,61
2H6_Suffolk,m,other,history,1,2306
2H6_Thump,m,other,history,5,197
2H6_Vaux,m,other,history,2,84
2H6_Warwick,m,other,history,1,1065
2H6_Whitmore,m,other,history,6,153
2H6_WilliamStafford,m,other,history,2,46
2H6_York,m,other,history,1,2990
2H6_YoungClifford,m,other,history,1,346
3H6_ALDERMEN,m,other,history,1,5
3H6_ATTENDANTS.EDWARD.1,m,other,history,1,16
3H6_Clarence,m,other,history,1,836
3H6_Clifford,m,other,history,1,1092
3H6_EdwardIV,m,other,history,1,3483
3H6_Exeter,m,other,history,1,136
3H6_Father,m,other,history,6,218
3H6_GAMEKEEPERS.1,m,other,history,5,147
3H6_GAMEKEEPERS.2,m,other,history,5,123
3H6_Hastings,m,other,history,1,158
3H6_HenryVI,m,other,history,0,2904
3H6_Huntsman,m,other,history,6,18
3H6_JohnMortimer,m,other,history,2,10
3H6_KingLewis,m,other,history,0,516
3H6_LadyBona,f,other,history,1,71
3H6_Lieutenant,m,other,history,3,21
3H6_MESSENGERS.1,m,other,history,6,6
3H6_MESSENGERS.2,m,other,history,6,8
3H6_MESSENGERS.Post,m,other,history,6,224
3H6_MESSENGERS.X.1,m,other,history,6,32
3H6_MESSENGERS.X.2,m,other,history,6,162
3H6_MESSENGERS.X.3,m,other,history,6,24
3H6_MESSENGERS.X.4,m,other,history,6,46
3H6_MESSENGERS.X.5,m,other,history,6,14
3H6_MayorOfYork,m,other,history,3,48
3H6_Montague,m,other,history,1,118
3H6_Montgomery,m,other,history,2,119
3H6_Norfolk,m,other,history,1,26
3H6_Northumberland,m,other,history,1,244
3H6_Oxford,m,other,history,1,277
3H6_PrinceEdward,m,other,history,1,358
3H6_QueenElizabeth,f,other,history,2,594
3H6_QueenMargaret,f,other,history,0,2246
3H6_RichardIII,m,other,history,1,3174
3H6_Rivers,m,other,history,1,54
3H6_Rutland,m,other,history,1,196
3H6_SOLDIERS.MONTGOMERY,m,other,history,6,5
3H6_SOLDIERS.YORK,m,other,history,6,5
3H6_SOLDIERS.YORK.0.1,m,other,history,6,23
3H6_Somerset,m,other,history,1,262
3H6_Somerville,m,other,history,2,44
3H6_Son,m,other,history,6,190
3H6_Tutor,m,other,history,2,24
3H6_WATCHMEN.1,m,other,history,6,62
3H6_WATCHMEN.2,m,other,history,6,48
3H6_WATCHMEN.3,m,other,history,6,74
3H6_Warwick,m,other,history,1,3414
3H6_Westmorland,m,other,history,1,85
3H6_York,m,other,history,1,1358
AWW_ATTENDANTS.KING.0.1,m,other,comedy,1,32
AWW_ATTENDANTS.KING.0.2,m,other,comedy,1,29
AWW_Bertram,m,antag,comedy,1,2033
AWW_Countess,f,other,comedy,1,2175
AWW_Diana,f,other,comedy,4,1024
AWW_Duke,m,other,comedy,1,124
AWW_Epilogue,m,other,comedy,p,52
AWW_Fool,m,fool,comedy,p,1671
AWW_GENTLEMEN.1,m,other,comedy,2,61
AWW_GENTLEMEN.2,m,other,comedy,2,79
AWW_GENTLEMEN.3,m,other,comedy,p,125
AWW_Helen,f,protag,comedy,p,3586
AWW_King,m,other,comedy,0,2831
AWW_LORDS.COURT.1,m,other,comedy,1,11
AWW_LORDS.COURT.2,m,other,comedy,1,13
AWW_LORDS.COURT.3,m,other,comedy,1,8
AWW_LORDS.COURT.4,m,other,comedy,1,14
AWW_LORDS.DUMAINE.1,m,other,comedy,1,1100
AWW_LORDS.DUMAINE.2,m,other,comedy,1,837
AWW_Lafew,m,other,comedy,1,2219
AWW_Mariana,f,other,comedy,4,172
AWW_Page,m,other,comedy,6,7
AWW_Parolles,m,other,comedy,4,2995
AWW_SOLDIERS,m,other,comedy,6,7
AWW_SOLDIERS.0.1,m,other,comedy,6,14
AWW_SOLDIERS.Interpreter,m,other,comedy,6,607
AWW_Servant,m,other,comedy,6,34
AWW_Steward,m,other,comedy,4,345
AWW_Widow,f,other,comedy,4,435
AYL_Adam,m,other,comedy,6,513
AYL_Audrey,f,other,comedy,6,149
AYL_Celia,f,other,comedy,1,2106
AYL_Charles,m,other,comedy,5,375
AYL_Corin,m,other,comedy,5,549
AYL_Dennis,m,other,comedy,6,17
AYL_DukeFrederick,m,antag,comedy,0,529
AYL_DukeSenior,m,other,comedy,0,808
AYL_Hymen,m,other,comedy,7,134
AYL_Jaques,m,other,comedy,1,1769
AYL_LORDS.FREDERICK.0.1,m,other,comedy,1,32
AYL_LORDS.FREDERICK.0.2,m,other,comedy,1,63
AYL_LORDS.FREDERICK.LeBeau,m,other,comedy,2,371
AYL_LORDS.SENIOR,m,other,comedy,1,39
AYL_LORDS.SENIOR.0.1,m,other,comedy,1,359
AYL_LORDS.SENIOR.0.2,m,other,comedy,1,71
AYL_LORDS.SENIOR.Amiens,m,other,comedy,1,278
AYL_Oliver,m,other,comedy,2,1164
AYL_OliverMartext,m,other,comedy,4,36
AYL_Orlando,m,other,comedy,2,2370
AYL_Phoebe,f,other,comedy,5,694
AYL_Rosalind,f,protag,comedy,1,5697
AYL_SERVANTS.1,m,other,comedy,6,213
AYL_SERVANTS.2,m,other,comedy,6,196
AYL_SecondBrother,m,other,comedy,2,128
AYL_Silvius,m,other,comedy,5,540
AYL_Touchstone,m,other,comedy,p,2374
AYL_William,m,other,comedy,6,41
Ado_ATTENDANTS.0.1,m,other,comedy,1,4
Ado_Antonio,m,other,comedy,1,19
Ado_Balthasar,m,other,comedy,2,180
Ado_Beatrice,f,protag,comedy,1,2359
Ado_Benedick,m,other,comedy,1,3761
Ado_Borachio,m,other,comedy,2,997
Ado_Boy,m,other,comedy,3,6
Ado_Claudio,m,other,comedy,1,2012
Ado_Conrade,m,other,comedy,2,248
Ado_Dogberry,m,fool,comedy,4,1541
Ado_DonJohn,m,antag,comedy,1,900
Ado_DonPedro,m,other,comedy,0,2461
Ado_FriarFrancis,m,other,comedy,2,592
Ado_Hero,f,other,comedy,1,980
Ado_Leonato,m,other,comedy,1,2642
Ado_LeonatosBrother,m,other,comedy,1,396
Ado_MESSENGERS.DONPEDRO.1,m,other,comedy,2,17
Ado_MESSENGERS.LEONATO.1,m,other,comedy,2,211
Ado_MUSICIANS,m,other,comedy,p,48
Ado_Margaret,f,other,comedy,2,548
Ado_Sexton,m,other,comedy,5,106
Ado_Ursula,f,other,comedy,2,362
Ado_Verges,m,other,comedy,5,185
Ado_WATCHMEN.1,m,other,comedy,6,101
Ado_WATCHMEN.2,m,other,comedy,6,24
Ado_WATCHMEN.Seacoal,m,other,comedy,6,106
Ant_ATTENDANTS.ANTONY,m,other,tragedy,6,3
Ant_ATTENDANTS.CAESAR,m,other,tragedy,6,11
Ant_Agrippa,m,other,tragedy,2,376
Ant_Alexas,m,other,tragedy,2,207
Ant_Ambassador,m,other,tragedy,2,107
Ant_Antony,m,protag,tragedy,0,5998
Ant_Boy,m,other,tragedy,6,39
Ant_CAPTAINS,m,other,tragedy,6,17
Ant_CAPTAINS.0.1,m,other,tragedy,6,24
Ant_Canidius,m,other,tragedy,2,165
Ant_Charmian,f,other,tragedy,2,632
Ant_Cleopatra,f,other,tragedy,0,4695
Ant_Countryman,m,other,tragedy,p,252
Ant_Demetrius,m,other,tragedy,2,35
Ant_Diomedes,m,other,tragedy,2,128
Ant_Dolabella,m,other,tragedy,1,286
Ant_Egyptian,m,other,tragedy,6,37
Ant_Enobarbus,m,other,tragedy,1,2436
Ant_Eros,m,other,tragedy,6,284
Ant_GUARDS,m,other,tragedy,6,9
Ant_GUARDS.0.1,m,other,tragedy,6,36
Ant_GUARDS.0.2,m,other,tragedy,6,15
Ant_GUARDS.0.3,m,other,tragedy,6,11
Ant_GUARDS.CAESAR.0.1,m,other,tragedy,6,86
Ant_GUARDS.CAESAR.0.2,m,other,tragedy,6,9
Ant_GUARDS.CAESAR.1,m,other,tragedy,6,21
Ant_GUARDS.Dercetus,m,other,tragedy,6,159
Ant_Gallus,m,other,tragedy,6,24
Ant_Iras,f,other,tragedy,2,160
Ant_LADIES,m,other,tragedy,6,3
Ant_Lepidus,m,other,tragedy,0,411
Ant_MESSENGERS.ANTONY.1,m,other,tragedy,6,83
Ant_MESSENGERS.ANTONY.2,m,other,tragedy,6,9
Ant_MESSENGERS.ANTONY.3,m,other,tragedy,6,22
Ant_MESSENGERS.CAESAR.1,m,other,tragedy,6,49
Ant_MESSENGERS.CAESAR.2,m,other,tragedy,6,67
Ant_MESSENGERS.X.1,m,other,tragedy,6,6
Ant_MESSENGERS.X.2,m,other,tragedy,6,224
Ant_MESSENGERS.X.3,m,other,tragedy,6,13
Ant_MESSENGERS.X.4,m,other,tragedy,6,4
Ant_MESSENGERS.X.5,m,other,tragedy,6,6
Ant_Maecenas,m,other,tragedy,2,255
Ant_Mardian,m,other,tragedy,2,118
Ant_Menas,m,other,tragedy,4,459
Ant_Octavia,f,other,tragedy,1,234
Ant_Octavius,m,antag,tragedy,0,2889
Ant_Philo,m,other,tragedy,2,125
Ant_Pompey,m,other,tragedy,0,931
Ant_Proculeius,m,other,tragedy,2,211
Ant_SERVANTS,m,other,tragedy,6,3
Ant_SERVANTS.0.1,m,other,tragedy,6,69
Ant_SERVANTS.0.2,m,other,tragedy,6,61
Ant_SERVANTS.X.1,m,other,tragedy,6,4
Ant_SERVANTS.X.2,m,other,tragedy,6,7
Ant_SOLDIERS.ANTONY,m,other,tragedy,6,14
Ant_SOLDIERS.ANTONY.0.1,m,other,tragedy,6,79
Ant_SOLDIERS.ANTONY.0.2,m,other,tragedy,6,77
Ant_SOLDIERS.ANTONY.0.3,m,other,tragedy,6,29
Ant_SOLDIERS.ANTONY.0.4,m,other,tragedy,6,20
Ant_SOLDIERS.ANTONY.X.1,m,other,tragedy,6,87
Ant_SOLDIERS.ANTONY.X.2,m,other,tragedy,6,18
Ant_SOLDIERS.ANTONY.X.3,m,other,tragedy,3,63
Ant_SOLDIERS.CAESAR.X.1,m,other,tragedy,6,62
Ant_Scarus,m,other,tragedy,3,267
Ant_Seleucus,m,other,tragedy,2,26
Ant_Silius,m,other,tragedy,3,67
Ant_Soothsayer,m,other,tragedy,p,209
Ant_Taurus,m,other,tragedy,2,2
Ant_Thidias,m,other,tragedy,2,182
Ant_Varrius,m,other,tragedy,3,27
Ant_Ventidius,m,other,tragedy,2,220
Ant_WATCHMEN.1,m,other,tragedy,6,25
Ant_WATCHMEN.2,m,other,tragedy,6,26
Ant_WATCHMEN.Sentry,m,other,tragedy,6,91
Cor_AEDILES,m,other,tragedy,4,2
Cor_AEDILES.X.2,m,other,tragedy,4,39
Cor_AEDILES.X.3,m,other,tragedy,4,38
Cor_Adrian,m,other,tragedy,6,160
Cor_Aufidius,m,other,tragedy,1,2034
Cor_CITIZENS.ANTIUM.1,m,other,tragedy,4,20
Cor_CITIZENS.ROMAN,m,other,tragedy,5,149
Cor_CITIZENS.ROMAN.0.1,m,other,tragedy,5,477
Cor_CITIZENS.ROMAN.0.2,m,other,tragedy,5,460
Cor_CITIZENS.ROMAN.0.3,m,other,tragedy,5,186
Cor_CITIZENS.ROMAN.1,m,other,tragedy,5,94
Cor_CITIZENS.ROMAN.2,m,other,tragedy,5,119
Cor_CITIZENS.ROMAN.3,m,other,tragedy,5,461
Cor_CITIZENS.ROMAN.4,m,other,tragedy,5,69
Cor_CITIZENS.ROMAN.5,m,other,tragedy,5,38
Cor_CITIZENS.ROMAN.6,m,other,tragedy,5,36
Cor_CITIZENS.ROMAN.7,m,other,tragedy,5,42
Cor_CITIZENS.ROMAN.8,m,other,tragedy,5,24
Cor_CITIZENS.VOLSCIAN,m,other,tragedy,5,22
Cor_CONSPIRATORS,m,other,tragedy,5,11
Cor_CONSPIRATORS.0.1,m,other,tragedy,5,67
Cor_CONSPIRATORS.0.2,m,other,tragedy,5,49
Cor_CONSPIRATORS.0.3,m,other,tragedy,5,91
Cor_Cominius,m,other,tragedy,1,1919
Cor_Coriolanus,m,protag,tragedy,1,6481
Cor_Gentlewoman,f,other,tragedy,2,9
Cor_Herald,m,other,tragedy,3,38
Cor_LORDS.VOLSCIAN,m,other,tragedy,1,11
Cor_LORDS.VOLSCIAN.0.1,m,other,tragedy,1,100
Cor_LORDS.VOLSCIAN.0.2,m,other,tragedy,1,72
Cor_LORDS.VOLSCIAN.0.3,m,other,tragedy,1,23
Cor_Lartius,m,other,tragedy,2,394
Cor_MESSENGERS.TRIBUNES.1,m,other,tragedy,6,109
Cor_MESSENGERS.TRIBUNES.2,m,other,tragedy,6,137
Cor_MESSENGERS.X.1,m,other,tragedy,6,12
Cor_MESSENGERS.X.2,m,other,tragedy,6,15
Cor_MESSENGERS.X.3,m,other,tragedy,6,62
Cor_MESSENGERS.X.4,m,other,tragedy,6,71
Cor_Menenius,m,other,tragedy,1,4288
Cor_NOBLES.0.1,m,other,tragedy,1,4
Cor_Nicanor,m,other,tragedy,6,234
Cor_OFFICERS.1,m,other,tragedy,4,114
Cor_OFFICERS.2,m,other,tragedy,4,186
Cor_SENATORS.ROMAN,m,other,tragedy,2,19
Cor_SENATORS.ROMAN.0.1,m,other,tragedy,2,278
Cor_SENATORS.ROMAN.0.2,m,other,tragedy,2,34
Cor_SENATORS.VOLSCIAN,m,other,tragedy,5,5
Cor_SENATORS.VOLSCIAN.0.1,m,other,tragedy,2,108
Cor_SENATORS.VOLSCIAN.0.2,m,other,tragedy,2,45
Cor_SERVANTS.1,m,other,tragedy,6,248
Cor_SERVANTS.2,m,other,tragedy,6,267
Cor_SERVANTS.3,m,other,tragedy,6,397
Cor_SOLDIERS.ROMAN,m,other,tragedy,5,12
Cor_SOLDIERS.ROMAN.0.1,m,other,tragedy,6,57
Cor_SOLDIERS.ROMAN.0.2,m,other,tragedy,6,17
Cor_SOLDIERS.ROMAN.0.3,m,other,tragedy,6,21
Cor_SOLDIERS.ROMAN.Lieutenant,m,other,tragedy,3,5
Cor_SOLDIERS.VOLSCIAN.0.1,m,other,tragedy,6,17
Cor_SOLDIERS.VOLSCIAN.Lieutenant,m,other,tragedy,3,81
Cor_TRIBUNES.Brutus,m,antag,tragedy,4,1603
Cor_TRIBUNES.Sicinius,m,other,tragedy,4,1927
Cor_Valeria,f,other,tragedy,1,355
Cor_Virgilia,f,other,tragedy,1,238
Cor_Volumnia,f,other,tragedy,1,2414
Cor_WATCHMEN.1,m,other,tragedy,6,252
Cor_WATCHMEN.2,m,other,tragedy,6,81
Cor_YoungMartius,m,other,tragedy,1,17
Cym_ATTENDANTS.0.1,m,other,tragedy,6,22
Cym_ATTENDANTS.0.2,m,other,tragedy,1,102
Cym_ATTENDANTS.1,m,other,tragedy,1,506
Cym_ATTENDANTS.2,m,other,tragedy,2,71
Cym_ATTENDANTS.3,m,other,tragedy,1,34
Cym_ATTENDANTS.CLOTEN.1,m,other,tragedy,1,190
Cym_ATTENDANTS.CLOTEN.2,m,other,tragedy,1,313
Cym_Arviragus,m,other,tragedy,1,947
Cym_Belarius,m,other,tragedy,1,2503
Cym_Cloten,m,fool,tragedy,1,2001
Cym_Cornelius,m,other,tragedy,3,522
Cym_Cymbeline,m,other,tragedy,0,1988
Cym_Frenchman,m,other,tragedy,5,180
Cym_GHOSTS.BROTHERS.1,m,other,tragedy,7,73
Cym_GHOSTS.BROTHERS.2,m,other,tragedy,7,44
Cym_GHOSTS.Father,m,other,tragedy,2,230
Cym_GHOSTS.Mother,m,other,tragedy,7,62
Cym_Guiderius,m,other,tragedy,1,1110
Cym_Iachimo,m,antag,tragedy,2,3193
Cym_Imogen,f,protag,tragedy,1,4417
Cym_JAILERS.1,m,other,tragedy,6,412
Cym_JAILERS.2,m,other,tragedy,6,4
Cym_Jupiter,m,other,tragedy,7,154
Cym_LADIES.IMOGEN,f,other,tragedy,1,60
Cym_LADIES.QUEEN,f,other,tragedy,1,6
Cym_LADIES.QUEEN.0.1,f,other,tragedy,1,8
Cym_Lucius,m,other,tragedy,2,721
Cym_MESSENGERS.1,m,other,tragedy,6,12
Cym_MESSENGERS.2,m,other,tragedy,6,10
Cym_MUSICIANS,m,other,tragedy,p,44
Cym_Philario,m,other,tragedy,2,292
Cym_Pisanio,m,other,tragedy,2,1499
Cym_Posthumus,m,other,tragedy,2,3391
Cym_Queen,f,other,tragedy,0,1209
Cym_SENATORS.1,m,other,tragedy,2,101
Cym_SENATORS.2,m,other,tragedy,2,1
Cym_SOLDIERS.BRITON.0.1,m,other,tragedy,4,30
Cym_SOLDIERS.BRITON.0.2,m,other,tragedy,4,51
Cym_SOLDIERS.ROMAN.0.1,m,other,tragedy,4,68
Cym_Soothsayer,m,other,tragedy,p,310
Cym_TRIBUNES.0.1,m,other,tragedy,3,15
Err_Abbess,f,other,comedy,3,552
Err_Adriana,f,other,comedy,2,2093
Err_Angelo,m,other,comedy,3,634
Err_AntipholusOfEphesus,m,antag,comedy,2,1745
Err_AntipholusOfSyracuse,m,protag,comedy,2,2083
Err_Balthasar,m,other,comedy,3,202
Err_Courtesan,f,other,comedy,4,293
Err_DromioOfEphesus,m,fool,comedy,6,1356
Err_DromioOfSyracuse,m,fool,comedy,6,2075
Err_Duke,m,other,comedy,0,693
Err_Egeon,m,other,comedy,2,1097
Err_Luce,f,other,comedy,6,63
Err_Luciana,f,other,comedy,2,760
Err_Merchant1,m,other,comedy,3,114
Err_Merchant2,m,other,comedy,3,268
Err_Messenger,m,other,comedy,6,130
Err_OFFICERS.Jailer,m,other,comedy,6,4
Err_OFFICERS.X,m,other,comedy,5,95
Err_Pinch,m,other,comedy,3,103
H5_AMBASSADORS.0.1,m,other,history,2,132
H5_ATTENDANTS.ENGLISH,m,other,history,1,1
H5_Alice,f,other,history,2,164
H5_Bardolph,m,other,history,5,224
H5_Bedford,m,other,history,1,77
H5_BishopOfCanterbury,m,other,history,1,1652
H5_BishopOfEly,m,other,history,2,240
H5_Bourbon,m,other,history,1,74
H5_Boy,m,other,history,6,626
H5_Brittany,m,other,history,1,65
H5_Burgundy,m,other,history,1,512
H5_Cambridge,m,other,history,1,107
H5_Chorus,m,other,history,p,1668
H5_Constable,m,other,history,2,922
H5_Dauphin,m,antag,history,1,905
H5_Erpingham,m,other,history,2,53
H5_Exeter,m,other,history,1,965
H5_Fluellen,m,other,history,4,2501
H5_Gloucester,m,other,history,1,28
H5_Governor,m,other,history,2,56
H5_Gower,m,other,history,4,507
H5_Grandpre,m,other,history,1,137
H5_Grey,m,other,history,2,86
H5_HERALDS.1,m,other,history,3,8
H5_HenryV,m,protag,history,0,8332
H5_Jamy,m,other,history,4,98
H5_Katherine,f,other,history,1,441
H5_KingOfFrance,m,other,history,0,699
H5_MESSENGERS.X.1,m,other,history,6,12
H5_MESSENGERS.X.2,m,other,history,6,17
H5_MESSENGERS.X.3,m,other,history,6,7
H5_MacMorris,m,other,history,5,205
H5_MistressQuickly,f,other,history,4,360
H5_Montjoy,m,other,history,3,399
H5_Nym,m,other,history,5,386
H5_Orleans,m,other,history,1,312
H5_Pistol,m,other,history,6,1118
H5_QueenOfFrance,f,other,history,0,188
H5_Rambures,m,other,history,1,66
H5_SOLDIERS.ENGLISH.Bates,m,other,history,6,167
H5_SOLDIERS.ENGLISH.Court,m,other,history,6,11
H5_SOLDIERS.ENGLISH.Williams,m,other,history,6,621
H5_SOLDIERS.FRENCH.LeFer,m,other,history,6,98
H5_Salisbury,m,other,history,1,75
H5_Scroop,m,other,history,2,93
H5_Warwick,m,other,history,1,7
H5_Westmoreland,m,other,history,1,144
H5_York,m,other,history,1,14
H8_Abergavenny,m,other,history,2,114
H8_Anne,f,other,history,1,376
H8_BishopOfLincoln,m,other,history,1,52
H8_Brandon,m,other,history,2,84
H8_Buckingham,m,other,history,1,1480
H8_Butts,m,other,history,3,59
H8_Campeius,m,other,history,1,379
H8_Capuchius,m,other,history,2,65
H8_Chamberlain,m,other,history,1,1130
H8_Chancellor,m,other,history,2,212
H8_Cranmer,m,other,history,1,1039
H8_Crier,m,other,history,4,24
H8_Cromwell,m,other,history,1,304
H8_Denny,m,other,history,2,21
H8_Epilogue,m,other,history,p,123
H8_GENTLEMEN.1,m,other,history,2,703
H8_GENTLEMEN.2,m,other,history,2,569
H8_GENTLEMEN.3,m,other,history,2,437
H8_GENTLEMEN.X,m,other,history,2,19
H8_Gardiner,m,other,history,1,665
H8_Garter,m,other,history,4,21
H8_Griffith,m,other,history,2,421
H8_Guilford,m,other,history,2,69
H8_HenryVIII,m,protag,history,0,3370
H8_Katherine,f,other,history,0,2885
H8_Keeper,m,other,history,6,40
H8_LADIES.KATHERINE.0.1,m,other,history,1,70
H8_LADIES.KATHERINE.Patience,f,other,history,6,35
H8_Lovell,m,other,history,2,475
H8_Messenger,m,other,history,6,29
H8_Norfolk,m,other,history,1,1453
H8_OldLady,f,other,history,2,495
H8_Page,m,other,history,6,3
H8_Porter,m,other,history,6,274
H8_Prologue,m,other,history,p,266
H8_SECRETARIES.0.1,m,other,history,3,8
H8_SERVANTS.LARDER.1,m,other,history,6,13
H8_SERVANTS.PORTER.1,m,other,history,6,354
H8_SERVANTS.X.1,m,other,history,6,24
H8_Sands,m,other,history,1,338
H8_Scribe,m,other,history,4,18
H8_Sergeant,m,other,history,2,28
H8_Suffolk,m,other,history,1,624
H8_Surrey,m,other,history,1,522
H8_Surveyor,m,other,history,1,449
H8_Usher,m,other,history,2,5
H8_Vaux,m,other,history,2,24
H8_Wolsey,m,antag,history,1,3200
Ham_AMBASSADORS,m,other,tragedy,2,40
Ham_ATTENDANTS,m,other,tragedy,2,3
Ham_ATTENDANTS.0.1,m,other,tragedy,6,13
Ham_ATTENDANTS.1,m,other,tragedy,2,99
Ham_ATTENDANTS.2,m,other,tragedy,2,67
Ham_ATTENDANTS.GUARDS,m,other,tragedy,2,3
Ham_Barnardo,m,other,tragedy,4,226
Ham_Claudius,m,antag,tragedy,0,4084
Ham_Cornelius,m,other,tragedy,2,10
Ham_Doctor,m,other,tragedy,3,90
Ham_FOLLOWERS.LAERTES,m,other,tragedy,2,8
Ham_Fortinbras,m,other,tragedy,0,187
Ham_Francisco,m,other,tragedy,6,55
Ham_Gertrude,f,other,tragedy,0,1050
Ham_Ghost,m,other,tragedy,7,680
Ham_Gravedigger,m,fool,tragedy,5,736
Ham_GravediggersCompanion,m,other,tragedy,5,97
Ham_Guildenstern,m,other,tragedy,2,323
Ham_Hamlet,m,protag,tragedy,1,11613
Ham_Horatio,m,other,tragedy,2,2073
Ham_Laertes,m,other,tragedy,1,1446
Ham_MESSENGERS.1,m,other,tragedy,6,77
Ham_MESSENGERS.2,m,other,tragedy,6,36
Ham_Marcellus,m,other,tragedy,4,440
Ham_Ophelia,f,other,tragedy,1,1183
Ham_Osric,m,other,tragedy,2,359
Ham_PLAYERS.0.1,m,other,tragedy,p,14
Ham_PLAYERS.1,m,other,tragedy,p,352
Ham_PLAYERS.King,m,other,tragedy,p,337
Ham_PLAYERS.Lucianus,m,other,tragedy,p,40
Ham_PLAYERS.Prologue,m,other,tragedy,p,16
Ham_PLAYERS.Queen,f,other,tragedy,p,247
Ham_Polonius,m,other,tragedy,1,2662
Ham_Reynaldo,m,other,tragedy,2,65
Ham_Rosencrantz,m,other,tragedy,2,708
Ham_SAILORS.0.1,m,other,tragedy,6,40
Ham_SOLDIERS.FORTINBRAS.Captain,m,other,tragedy,4,85
Ham_Voltemand,m,other,tragedy,2,159
JC_Antony,m,antag,tragedy,1,2537
JC_Artemidorus,m,other,tragedy,3,145
JC_Brutus,m,protag,tragedy,1,5388
JC_COMMONERS.Carpenter,m,other,tragedy,5,4
JC_COMMONERS.Cobbler,m,other,tragedy,5,145
JC_Caesar,m,other,tragedy,0,1142
JC_Calphurnia,f,other,tragedy,1,203
JC_Casca,m,other,tragedy,4,1073
JC_Cassius,m,other,tragedy,1,3708
JC_Cicero,m,other,tragedy,2,62
JC_Cinna,m,other,tragedy,3,130
JC_CinnaPoet,m,other,tragedy,3,104
JC_Decius,m,other,tragedy,2,323
JC_Flavius,m,other,tragedy,4,207
JC_Lepidus,m,other,tragedy,1,22
JC_Ligarius,m,other,tragedy,2,111
JC_Lucius,m,other,tragedy,6,206
JC_Marullus,m,other,tragedy,4,231
JC_Messenger,m,other,tragedy,3,24
JC_Metellus,m,other,tragedy,2,121
JC_Octavius,m,other,tragedy,1,328
JC_PLEBEIANS,m,other,tragedy,5,89
JC_PLEBEIANS.0.1,m,other,tragedy,5,217
JC_PLEBEIANS.0.2,m,other,tragedy,5,222
JC_PLEBEIANS.0.3,m,other,tragedy,5,213
JC_PLEBEIANS.0.4,m,other,tragedy,5,215
JC_Pindarus,m,other,tragedy,6,120
JC_Poet,m,other,tragedy,p,54
JC_Popilius,m,other,tragedy,2,10
JC_Portia,f,other,tragedy,1,724
JC_Publius,m,other,tragedy,2,6
JC_SERVANTS.ANTONY.1,m,other,tragedy,6,119
JC_SERVANTS.CAESAR.1,m,other,tragedy,6,31
JC_SERVANTS.OCTAVIUS.1,m,other,tragedy,6,62
JC_SOLDIERS.ANTONY.0.1,m,other,tragedy,6,26
JC_SOLDIERS.ANTONY.0.2,m,other,tragedy,6,7
JC_SOLDIERS.BRUTUS.0.1,m,other,tragedy,6,1
JC_SOLDIERS.BRUTUS.0.2,m,other,tragedy,6,1
JC_SOLDIERS.BRUTUS.0.3,m,other,tragedy,6,1
JC_SOLDIERS.BRUTUS.Cato,m,other,tragedy,3,54
JC_SOLDIERS.BRUTUS.Claudius,m,other,tragedy,6,16
JC_SOLDIERS.BRUTUS.Clitus,m,other,tragedy,6,70
JC_SOLDIERS.BRUTUS.Dardanus,m,other,tragedy,6,15
JC_SOLDIERS.BRUTUS.Lucilius,m,other,tragedy,3,197
JC_SOLDIERS.BRUTUS.Messala,m,other,tragedy,3,254
JC_SOLDIERS.BRUTUS.Strato,m,other,tragedy,3,59
JC_SOLDIERS.BRUTUS.Titinius,m,other,tragedy,3,238
JC_SOLDIERS.BRUTUS.Varro,m,other,tragedy,6,31
JC_SOLDIERS.BRUTUS.Volumnius,m,other,tragedy,6,17
JC_Soothsayer,m,other,tragedy,p,131
JC_Trebonius,m,other,tragedy,1,60
Jn_Arthur,m,other,history,1,977
Jn_Austria,m,other,history,1,239
Jn_Bastard,m,other,history,1,4087
Jn_Bigot,m,other,history,1,59
Jn_Blanche,f,other,history,1,332
Jn_CITIZENS.0.1,m,other,history,2,517
Jn_Chatillion,m,other,history,2,296
Jn_Constance,f,other,history,1,2112
Jn_Dauphin,m,other,history,1,1194
Jn_EXECUTIONERS.0.1,m,other,history,6,19
Jn_Essex,m,other,history,1,25
Jn_Gurney,m,other,history,3,4
Jn_HERALDS.ENGLISH,m,other,history,3,101
Jn_HERALDS.FRENCH,m,other,history,3,87
Jn_Hubert,m,other,history,2,1010
Jn_KingJohn,m,protag,history,0,3309
Jn_KingPhilip,m,antag,history,0,1477
Jn_LadyFaulconbridge,f,other,history,2,122
Jn_MESSENGERS.ENGLISH.1,m,other,history,6,164
Jn_MESSENGERS.FRENCH.1,m,other,history,6,46
Jn_Melun,m,other,history,1,308
Jn_Pandulph,m,other,history,1,1264
Jn_Pembroke,m,other,history,1,610
Jn_Peter,m,other,history,p,8
Jn_PrinceHenry,m,other,history,0,221
Jn_QueenEleanor,f,other,history,1,424
Jn_RobertFaulconbridge,m,other,history,2,179
Jn_Salisbury,m,other,history,1,1216
LLL_Armado,m,other,comedy,2,1733
LLL_Berowne,m,other,comedy,2,4594
LLL_Boy,m,other,comedy,3,1107
LLL_Boyet,m,other,comedy,1,1765
LLL_Costard,m,fool,comedy,p,1533
LLL_Dull,m,other,comedy,5,236
LLL_Dumaine,m,other,comedy,2,544
LLL_Forester,m,other,comedy,5,45
LLL_Holofernes,m,other,comedy,3,1302
LLL_Jaquenetta,f,other,comedy,6,100
LLL_Katherine,f,other,comedy,1,388
LLL_King,m,protag,comedy,0,2359
LLL_LORDS.0,m,other,comedy,1,7
LLL_Longaville,m,other,comedy,2,518
LLL_Marcade,m,other,comedy,3,28
LLL_Maria,f,other,comedy,1,295
LLL_Nathaniel,m,other,comedy,4,520
LLL_Princess,f,antag,comedy,0,2179
LLL_Rosaline,f,other,comedy,1,1333
LLL_Spring,m,other,comedy,p,96
LLL_Winter,m,other,comedy,p,105
Lr_ATTENDANTS.ALBANY,m,other,tragedy,2,33
Lr_ATTENDANTS.CORDELIA.1,m,other,tragedy,2,163
Lr_ATTENDANTS.LEAR.0.3,m,other,tragedy,1,105
Lr_ATTENDANTS.X.1,m,other,tragedy,6,3
Lr_ATTENDANTS.X.2,m,other,tragedy,2,25
Lr_ATTENDANTS.X.3,m,other,tragedy,2,123
Lr_ATTENDANTS.X.4,m,other,tragedy,2,229
Lr_Albany,m,other,tragedy,1,1006
Lr_Burgundy,m,other,tragedy,1,68
Lr_Cordelia,f,other,tragedy,0,825
Lr_Cornwall,m,other,tragedy,1,745
Lr_Curan,m,other,tragedy,6,77
Lr_Doctor,m,other,tragedy,2,124
Lr_Edgar,m,other,tragedy,1,2903
Lr_Edmund,m,other,tragedy,1,2369
Lr_Fool,m,fool,tragedy,p,1739
Lr_France,m,other,tragedy,0,240
Lr_Gloucester,m,other,tragedy,1,2531
Lr_Goneril,f,antag,tragedy,1,1473
Lr_Herald,m,other,tragedy,3,59
Lr_Kent,m,other,tragedy,1,2586
Lr_Lear,m,protag,tragedy,0,5601
Lr_MESSENGERS.X.1,m,other,tragedy,2,117
Lr_MESSENGERS.X.2,m,other,tragedy,6,8
Lr_MESSENGERS.X.3,m,other,tragedy,4,5
Lr_OldMan,m,other,tragedy,6,58
Lr_Oswald,m,other,tragedy,3,499
Lr_Regan,f,other,tragedy,1,1363
Lr_SERVANTS.0.1,m,other,tragedy,6,76
Lr_SERVANTS.0.2,m,other,tragedy,6,35
Lr_SERVANTS.0.3,m,other,tragedy,6,39
Lr_SOLDIERS.CAPTAINS.1,m,other,tragedy,4,22
Lr_SOLDIERS.CAPTAINS.2,m,other,tragedy,4,2
MM_Abhorson,m,other,comedy,6,141
MM_Angelo,m,antag,comedy,1,2379
MM_Barnardine,m,other,comedy,6,112
MM_Bawd,m,other,comedy,4,226
MM_Boy,m,other,comedy,6,41
MM_Claudio,m,other,comedy,2,798
MM_Duke,m,protag,comedy,0,6533
MM_Elbow,m,other,comedy,5,600
MM_Escalus,m,other,comedy,1,1418
MM_FriarPeter,m,other,comedy,3,273
MM_FriarThomas,m,other,comedy,3,35
MM_Froth,m,other,comedy,2,58
MM_GENTLEMEN.1,m,other,comedy,2,169
MM_GENTLEMEN.2,m,other,comedy,2,59
MM_Isabella,f,other,comedy,2,3018
MM_Juliet,f,other,comedy,2,63
MM_Justice,m,other,comedy,3,10
MM_Lucio,m,other,comedy,2,2318
MM_Mariana,f,other,comedy,2,484
MM_Messenger,m,other,comedy,6,41
MM_Nun,f,other,comedy,3,76
MM_Pompey,m,fool,comedy,6,1292
MM_Provost,m,other,comedy,4,1125
MM_SERVANTS.1,m,other,comedy,6,34
MND_Bottom,m,fool,comedy,5,2040
MND_Demetrius,m,other,comedy,1,1066
MND_Egeus,m,other,comedy,1,296
MND_FAIRIES.TITANIA,m,other,comedy,7,60
MND_FAIRIES.TITANIA.0.1,m,other,comedy,7,104
MND_FAIRIES.TITANIA.0.2,m,other,comedy,7,70
MND_FAIRIES.TITANIA.1,m,other,comedy,7,187
MND_FAIRIES.TITANIA.Cobweb,m,other,comedy,7,9
MND_FAIRIES.TITANIA.Mote,m,other,comedy,7,7
MND_FAIRIES.TITANIA.Mustardseed,m,other,comedy,7,12
MND_FAIRIES.TITANIA.Peaseblossom,m,other,comedy,7,9
MND_Flute,m,other,comedy,5,355
MND_Helena,f,other,comedy,1,1816
MND_Hermia,f,other,comedy,1,1284
MND_Hippolyta,f,other,comedy,0,250
MND_Lysander,m,other,comedy,1,1395
MND_Oberon,m,other,comedy,7,1607
MND_Philostrate,m,other,comedy,2,183
MND_Quince,m,other,comedy,5,962
MND_RobinGoodfellow,m,other,comedy,7,1370
MND_Snout,m,other,comedy,5,165
MND_Snug,m,other,comedy,5,125
MND_Starveling,m,other,comedy,5,94
MND_Theseus,m,other,comedy,1,1724
MND_Titania,f,other,comedy,7,1080
MV_ATTENDANTS.BASSANIO.Leonardo,m,other,comedy,5,11
MV_ATTENDANTS.PORTIA.Balthazar,m,other,comedy,6,7
MV_ATTENDANTS.PORTIA.Stephano,m,other,comedy,6,54
MV_Antonio,m,other,comedy,2,1434
MV_Arragon,m,other,comedy,0,496
MV_Bassanio,m,other,comedy,2,2593
MV_Duke,m,other,comedy,0,557
MV_Gratiano,m,other,comedy,2,1373
MV_Jessica,f,other,comedy,3,660
MV_LanceletGobbo,m,fool,comedy,5,1452
MV_Lorenzo,m,other,comedy,2,1329
MV_MUSICIANS,m,other,comedy,p,53
MV_Messenger,m,other,comedy,6,76
MV_Morocco,m,other,comedy,0,800
MV_Nerissa,f,other,comedy,2,695
MV_OldGobbo,m,other,comedy,6,292
MV_Portia,f,protag,comedy,1,4599
MV_SERVANTS.1,m,other,comedy,6,35
MV_SERVANTS.2,m,other,comedy,6,15
MV_Salarino,m,other,comedy,2,701
MV_Salerio,m,other,comedy,2,174
MV_Shylock,m,antag,comedy,3,2881
MV_Solanio,m,other,comedy,2,544
MV_Tubal,m,other,comedy,4,96
Mac_ATTENDANTS,m,other,tragedy,1,17
Mac_Angus,m,other,tragedy,1,137
Mac_Banquo,m,other,tragedy,1,777
Mac_Caithness,m,other,tragedy,1,73
Mac_Doctor1,m,other,tragedy,3,35
Mac_Doctor2,m,other,tragedy,3,290
Mac_Donalbain,m,other,tragedy,1,60
Mac_Duncan,m,other,tragedy,0,472
Mac_Fleance,m,other,tragedy,1,16
Mac_Gentlewoman,m,other,tragedy,2,181
Mac_Hecate,f,other,tragedy,7,263
Mac_LadyMacbeth,f,other,tragedy,0,1908
Mac_LadyMacduff,f,other,tragedy,1,292
Mac_Lennox,m,other,tragedy,1,513
Mac_Lord,m,other,tragedy,1,158
Mac_MESSENGERS.1,m,other,tragedy,6,38
Mac_MESSENGERS.2,m,other,tragedy,6,75
Mac_MESSENGERS.3,m,other,tragedy,6,64
Mac_MURDERERS.0.1,m,other,tragedy,6,14
Mac_MURDERERS.1,m,other,tragedy,6,163
Mac_MURDERERS.2,m,other,tragedy,6,100
Mac_MURDERERS.3,m,other,tragedy,6,42
Mac_Macbeth,m,protag,tragedy,0,5310
Mac_Macduff,m,other,tragedy,1,1162
Mac_MacduffsSon,m,other,tragedy,1,143
Mac_Malcolm,m,other,tragedy,1,1508
Mac_Menteith,m,other,tragedy,1,71
Mac_OldMan,m,other,tragedy,6,81
Mac_Porter,m,fool,tragedy,6,307
Mac_Ross,m,other,tragedy,1,917
Mac_SERVANTS.X.2,m,other,tragedy,6,8
Mac_SERVANTS.X.3,m,other,tragedy,6,9
Mac_SERVANTS.X.4,m,other,tragedy,6,12
Mac_SOLDIERS.Captain,m,other,tragedy,4,236
Mac_SOLDIERS.MALCOLM,m,other,tragedy,6,4
Mac_SOLDIERS.MALCOLM.0.1,m,other,tragedy,6,8
Mac_SPIRITS.1,m,other,tragedy,7,13
Mac_SPIRITS.2,m,other,tragedy,7,23
Mac_SPIRITS.3,m,other,tragedy,7,32
Mac_Seyton,m,other,tragedy,6,31
Mac_Siward,m,other,tragedy,1,207
Mac_WITCHES.1,f,other,tragedy,6,467
Mac_WITCHES.2,f,other,tragedy,6,242
Mac_WITCHES.3,f,other,tragedy,6,246
Mac_YoungSiward,m,other,tragedy,1,43
Oth_Bianca,f,other,tragedy,4,270
Oth_Brabantio,m,other,tragedy,1,1045
Oth_Cassio,m,other,tragedy,2,1961
Oth_Clown,m,fool,tragedy,p,227
Oth_Desdemona,f,other,tragedy,1,2755
Oth_Duke,m,other,tragedy,0,476
Oth_Emilia,f,other,tragedy,2,1823
Oth_GENTLEMEN,m,other,tragedy,2,2
Oth_GENTLEMEN.0.1,m,other,tragedy,2,7
Oth_GENTLEMEN.1,m,other,tragedy,2,19
Oth_GENTLEMEN.2,m,other,tragedy,2,88
Oth_GENTLEMEN.3,m,other,tragedy,2,113
Oth_Gratiano,m,other,tragedy,1,165
Oth_Herald,m,other,tragedy,3,101
Oth_Iago,m,antag,tragedy,2,8438
Oth_Lodovico,m,other,tragedy,1,529
Oth_MESSENGERS.X.1,m,other,tragedy,2,62
Oth_MESSENGERS.X.2,m,other,tragedy,2,19
Oth_MUSICIANS.0.1,m,other,tragedy,p,23
Oth_Montano,m,other,tragedy,1,420
Oth_OFFICERS,m,other,tragedy,5,19
Oth_OFFICERS.0.1,m,other,tragedy,5,28
Oth_Othello,m,protag,tragedy,1,6263
Oth_Roderigo,m,other,tragedy,2,861
Oth_SENATORS,m,other,tragedy,2,6
Oth_SENATORS.0.1,m,other,tragedy,2,187
Oth_SENATORS.0.2,m,other,tragedy,2,44
Oth_Sailor,m,other,tragedy,6,24
Per_Antiochus,m,antag,comedy,0,483
Per_Bawd,f,other,comedy,4,840
Per_Bolt,m,other,comedy,5,656
Per_CITIZENS.TARSUS,m,other,comedy,5,11
Per_Cerimon,m,other,comedy,1,731
Per_Cleon,m,other,comedy,0,841
Per_Daughter,f,other,comedy,1,16
Per_Diana,f,other,comedy,7,72
Per_Dionyza,f,other,comedy,0,677
Per_FISHERMEN.1,m,other,comedy,5,314
Per_FISHERMEN.2,m,other,comedy,5,222
Per_FISHERMEN.3,m,other,comedy,5,151
Per_GENTLEMEN.EPHESUS.1,m,other,comedy,2,90
Per_GENTLEMEN.EPHESUS.2,m,other,comedy,2,84
Per_GENTLEMEN.MYTILENE.1,m,other,comedy,2,37
Per_GENTLEMEN.MYTILENE.2,m,other,comedy,2,32
Per_GENTLEMEN.TYRE.0.1,m,other,comedy,2,4
Per_Gower,m,other,comedy,p,2073
Per_Helicanus,m,other,comedy,1,872
Per_KNIGHTS,m,other,comedy,2,19
Per_KNIGHTS.0.1,m,other,comedy,2,48
Per_KNIGHTS.0.2,m,other,comedy,2,28
Per_KNIGHTS.0.3,m,other,comedy,2,27
Per_LORDS.MYTILENE.0.1,m,other,comedy,1,16
Per_LORDS.PENTAPOLIS.0.1,m,other,comedy,1,44
Per_LORDS.PENTAPOLIS.0.2,m,other,comedy,1,15
Per_LORDS.PENTAPOLIS.0.3,m,other,comedy,1,17
Per_LORDS.TARSUS.1,m,other,comedy,1,48
Per_LORDS.TYRE,m,other,comedy,1,3
Per_LORDS.TYRE.0.1,m,other,comedy,1,140
Per_LORDS.TYRE.0.2,m,other,comedy,1,68
Per_LORDS.TYRE.0.3,m,other,comedy,1,12
Per_LORDS.TYRE.Escanes,m,other,comedy,2,6
Per_Leonine,m,other,comedy,2,143
Per_Lychorida,m,other,comedy,2,74
Per_Lysimachus,m,other,comedy,0,721
Per_MESSENGERS.ANTIOCH.1,m,other,comedy,6,6
Per_Marina,f,other,comedy,1,1265
Per_Marshal,m,other,comedy,2,5
Per_PIRATES.0.1,m,other,comedy,6,8
Per_PIRATES.0.2,m,other,comedy,6,4
Per_PIRATES.0.3,m,other,comedy,6,9
Per_Pander,m,other,comedy,4,216
Per_Pericles,m,protag,comedy,0,4580
Per_Philemon,m,other,comedy,6,4
Per_SAILORS.1,m,other,comedy,4,71
Per_SAILORS.2,m,other,comedy,5,38
Per_SAILORS.MYTILENE.1,m,other,comedy,4,13
Per_SAILORS.TYRE.1,m,other,comedy,4,42
Per_SERVANTS.CERIMON.0.1,m,other,comedy,6,33
Per_SUPPLIANTS.1,m,other,comedy,6,16
Per_Simonides,m,other,comedy,0,1136
Per_Thaisa,f,other,comedy,1,566
Per_Thaliard,m,other,comedy,1,207
R2_AbbotOfWestminster,m,other,history,2,71
R2_Aumerle,m,other,history,1,676
R2_Bagot,m,other,history,2,171
R2_Berkeley,m,other,history,1,69
R2_BishopOfCarlisle,m,other,history,1,485
R2_Bushy,m,other,history,2,272
R2_DuchessOfGloucester,f,other,history,1,457
R2_DuchessOfYork,m,other,history,1,734
R2_Exton,m,other,history,2,178
R2_Fitzwater,m,other,history,1,218
R2_Gardener,m,other,history,5,409
R2_Gaunt,m,other,history,1,1515
R2_Green,m,other,history,2,243
R2_Groom,m,other,history,6,91
R2_HERALDS.1,m,other,history,3,48
R2_HERALDS.2,m,other,history,3,48
R2_HenryIV,m,antag,history,1,3117
R2_Hotspur,m,other,history,1,352
R2_Jailer,m,other,history,6,38
R2_LADIES.0.1,f,other,history,2,27
R2_LORDS.1,m,other,history,1,43
R2_LordMarshal,m,other,history,1,202
R2_Mowbray,m,other,history,1,1057
R2_Northumberland,m,other,history,1,1104
R2_Queen,f,other,history,0,910
R2_RichardII,m,protag,history,0,5986
R2_Ross,m,other,history,1,178
R2_SERVANTS.EXTON.0.1,m,other,history,6,7
R2_SERVANTS.GARDENER.1,m,other,history,6,70
R2_SERVANTS.YORK.1,m,other,history,6,43
R2_Salisbury,m,other,history,1,156
R2_Scroop,m,other,history,2,285
R2_Surrey,m,other,history,1,75
R2_WelshCaptain,m,other,history,4,121
R2_Willoughby,m,other,history,1,102
R2_York,m,other,history,1,2232
R3_ATTENDANTS.0.1,m,other,history,1,36
R3_ATTENDANTS.RICHMOND,m,other,history,1,3
R3_ATTENDANTS.RICHMOND.0.1,m,other,history,1,14
R3_Archbishop,m,other,history,1,78
R3_BISHOPS,m,other,history,5,1
R3_BishopOfEly,m,other,history,1,47
R3_Blunt,m,other,history,2,67
R3_Brakenbury,m,other,history,2,225
R3_Buckingham,m,other,history,1,2918
R3_CITIZENS,m,other,history,5,1
R3_CITIZENS.1,m,other,history,5,65
R3_CITIZENS.2,m,other,history,5,104
R3_CITIZENS.3,m,other,history,5,230
R3_Cardinal,m,other,history,1,74
R3_Catesby,m,other,history,2,435
R3_Clarence,m,other,history,1,1338
R3_ClarencesBoy,m,other,history,1,181
R3_ClarencesDaughter,f,other,history,1,58
R3_Dorset,m,other,history,1,122
R3_DuchessOfYork,m,other,history,1,1093
R3_EdwardIV,m,other,history,1,524
R3_EdwardV,m,other,history,1,411
R3_GENTLEMEN.0.1,m,other,history,2,13
R3_Grey,m,other,history,1,134
R3_Hastings,m,other,history,1,1149
R3_HenryVI,m,other,history,7,54
R3_HenryVII,m,other,history,1,1066
R3_Herbert,m,other,history,2,10
R3_Jailer,m,other,history,2,68
R3_LadyAnne,f,other,history,1,1242
R3_Lovell,m,other,history,1,20
R3_MESSENGERS.1,m,other,history,6,33
R3_MESSENGERS.2,m,other,history,6,23
R3_MESSENGERS.3,m,other,history,6,47
R3_MESSENGERS.4,m,other,history,6,78
R3_MESSENGERS.X.1,m,other,history,1,61
R3_MESSENGERS.X.2,m,other,history,6,118
R3_MESSENGERS.X.3,m,other,history,6,7
R3_MURDERERS.1,m,other,history,6,463
R3_MURDERERS.2,m,other,history,6,436
R3_MayorOfLondon,m,other,history,2,115
R3_Norfolk,m,other,history,1,68
R3_Oxford,m,other,history,1,13
R3_PrinceEdward,m,other,history,7,44
R3_Pursuivant,m,other,history,3,20
R3_QueenElizabeth,f,other,history,0,2122
R3_QueenMargaret,f,other,history,0,1751
R3_Ratcliffe,m,other,history,2,219
R3_RichardIII,m,protag,history,1,8833
R3_Rivers,m,other,history,1,403
R3_Scrivener,m,other,history,3,116
R3_Sheriff,m,other,history,4,9
R3_SirChristopher,m,other,history,3,58
R3_SirJohn,m,other,history,3,16
R3_Stanley,m,other,history,1,833
R3_Surrey,m,other,history,1,9
R3_Tyrrel,m,other,history,2,268
R3_Vaughan,m,other,history,2,39
R3_York,m,other,history,1,404
Rom_Apothecary,m,other,tragedy,6,53
Rom_Benvolio,m,other,tragedy,1,1160
Rom_CITIZENS,m,other,tragedy,5,16
Rom_CITIZENS.0.1,m,other,tragedy,5,43
Rom_Capulet,m,other,tragedy,1,2136
Rom_Chorus,m,other,tragedy,p,219
Rom_Cousin,m,other,tragedy,1,18
Rom_FriarJohn,m,other,tragedy,3,97
Rom_FriarLawrence,m,other,tragedy,2,2722
Rom_Juliet,f,other,tragedy,1,4265
Rom_LadyCapulet,f,other,tragedy,1,874
Rom_LadyMontague,f,other,tragedy,1,28
Rom_MUSICIANS.0.1,m,other,tragedy,p,70
Rom_MUSICIANS.0.2,m,other,tragedy,p,34
Rom_MUSICIANS.0.3,m,other,tragedy,p,7
Rom_Mercutio,m,other,tragedy,1,2100
Rom_Montague,m,other,tragedy,1,317
Rom_Nurse,f,other,tragedy,2,2205
Rom_Paris,m,other,tragedy,1,540
Rom_Petruchio,m,other,tragedy,1,2
Rom_PrinceEscalus,m,other,tragedy,0,584
Rom_Romeo,m,protag,tragedy,1,4673
Rom_SERVANTS.CAPULET.0,m,other,tragedy,6,4
Rom_SERVANTS.CAPULET.0.1,m,other,tragedy,6,119
Rom_SERVANTS.CAPULET.0.2,m,other,tragedy,6,37
Rom_SERVANTS.CAPULET.0.3,m,other,tragedy,6,21
Rom_SERVANTS.CAPULET.Gregory,m,other,tragedy,6,145
Rom_SERVANTS.CAPULET.Peter,m,other,tragedy,6,244
Rom_SERVANTS.CAPULET.Sampson,m,other,tragedy,6,258
Rom_SERVANTS.CAPULET.X.1,m,other,tragedy,6,142
Rom_SERVANTS.CAPULET.X.2,m,other,tragedy,6,35
Rom_SERVANTS.MONTAGUE.Abram,m,other,tragedy,6,24
Rom_SERVANTS.MONTAGUE.Balthasar,m,other,tragedy,6,233
Rom_SERVANTS.PARIS.1,m,other,tragedy,3,80
Rom_Tybalt,m,antag,tragedy,1,263
Rom_WATCHMEN.0.1,m,other,tragedy,6,133
Rom_WATCHMEN.0.2,m,other,tragedy,6,9
Rom_WATCHMEN.0.3,m,other,tragedy,6,26
Shr_Baptista,m,other,comedy,2,1289
Shr_Bianca,f,other,comedy,2,544
Shr_Biondello,m,other,comedy,6,817
Shr_Curtis,m,other,comedy,5,170
Shr_Gremio,m,other,comedy,2,1329
Shr_Grumio,m,fool,comedy,3,1454
Shr_HUNTSMEN.0.1,m,other,comedy,2,38
Shr_HUNTSMEN.0.2,m,other,comedy,2,29
Shr_HUNTSMEN.0.3,m,other,comedy,2,36
Shr_Haberdasher,m,other,comedy,4,8
Shr_Hortensio,m,other,comedy,2,1575
Shr_Hostess,f,other,comedy,5,26
Shr_Katherine,f,other,comedy,2,1761
Shr_Lord,m,other,comedy,1,1059
Shr_Lucentio,m,other,comedy,2,1371
Shr_Merchant,m,other,comedy,3,377
Shr_Messenger,m,other,comedy,2,61
Shr_PLAYERS,m,other,comedy,p,4
Shr_PLAYERS.0.1,m,other,comedy,p,28
Shr_PLAYERS.0.2,m,other,comedy,p,12
Shr_Page,m,other,comedy,a2,122
Shr_Petruchio,m,protag,comedy,2,4609
Shr_SERVANTS.BAPTISTA.1,m,other,comedy,3,23
Shr_SERVANTS.LORD,m,other,comedy,2,1
Shr_SERVANTS.LORD.0.1,m,other,comedy,3,143
Shr_SERVANTS.LORD.0.2,m,other,comedy,2,104
Shr_SERVANTS.LORD.0.3,m,other,comedy,2,100
Shr_SERVANTS.PETRUCHIO.0.4,m,other,comedy,5,1
Shr_SERVANTS.PETRUCHIO.Joseph,m,other,comedy,3,7
Shr_SERVANTS.PETRUCHIO.Nathaniel,m,other,comedy,6,27
Shr_SERVANTS.PETRUCHIO.Nicholas,m,other,comedy,3,7
Shr_SERVANTS.PETRUCHIO.Peter,m,other,comedy,3,13
Shr_SERVANTS.PETRUCHIO.Phillip,m,other,comedy,3,8
Shr_Sly,m,other,comedy,6,522
Shr_Tailor,m,other,comedy,4,111
Shr_Tranio,m,other,comedy,3,2262
Shr_Vincentio,m,other,comedy,2,346
Shr_Widow,f,other,comedy,2,76
TGV_Antonio,m,other,comedy,2,262
TGV_Duke,m,other,comedy,0,1529
TGV_Eglamour,m,other,comedy,2,192
TGV_Host,m,other,comedy,4,158
TGV_Julia,f,other,comedy,2,2430
TGV_Lance,m,fool,comedy,5,1852
TGV_Lucetta,f,other,comedy,6,556
TGV_OUTLAWS.1,m,other,comedy,6,159
TGV_OUTLAWS.2,m,other,comedy,6,105
TGV_OUTLAWS.3,m,other,comedy,6,210
TGV_Pantino,m,other,comedy,6,311
TGV_Proteus,m,antag,comedy,2,3350
TGV_SERVANTS.1,m,other,comedy,2,9
TGV_Speed,m,fool,comedy,5,1456
TGV_Sylvia,m,other,comedy,1,1138
TGV_Thurio,m,other,comedy,2,372
TGV_Valentine,m,protag,comedy,2,2821
TNK_ATTENDANTS.1,m,other,comedy,2,18
TNK_Arcite,m,other,comedy,1,3671
TNK_Boy,m,other,comedy,p,113
TNK_Brother,m,other,comedy,6,65
TNK_COUNTRYMEN.0.1,m,other,comedy,6,105
TNK_COUNTRYMEN.0.2,m,other,comedy,6,235
TNK_COUNTRYMEN.0.3,m,other,comedy,6,162
TNK_COUNTRYMEN.0.4,m,other,comedy,6,104
TNK_COUNTRYMEN.0.5,m,other,comedy,6,2
TNK_COUNTRYWOMEN.0.1,f,other,comedy,6,4
TNK_Daughter,f,other,comedy,5,2675
TNK_Doctor,m,other,comedy,3,661
TNK_Emilia,f,other,comedy,1,2713
TNK_Epilogue,m,other,comedy,p,165
TNK_FRIENDS.1,m,other,comedy,6,152
TNK_FRIENDS.2,m,other,comedy,6,147
TNK_Herald,m,other,comedy,3,64
TNK_Hippolyta,f,other,comedy,0,711
TNK_Jailer,m,other,comedy,5,750
TNK_KNIGHTS.PALAMON,m,other,comedy,2,4
TNK_KNIGHTS.PALAMON.0.1,m,other,comedy,2,44
TNK_KNIGHTS.PALAMON.0.2,m,other,comedy,2,27
TNK_KNIGHTS.PALAMON.0.3,m,other,comedy,2,10
TNK_MESSENGERS.X.1,m,other,comedy,6,329
TNK_MESSENGERS.X.2,m,other,comedy,6,21
TNK_MESSENGERS.X.3,m,other,comedy,6,6
TNK_OTHERS,m,other,comedy,6,20
TNK_Palamon,m,other,comedy,1,4252
TNK_Pirithous,m,other,comedy,1,881
TNK_Prologue,m,other,comedy,p,270
TNK_QUEENS.1,f,other,comedy,0,520
TNK_QUEENS.2,f,other,comedy,0,342
TNK_QUEENS.3,f,other,comedy,0,323
TNK_Schoolmaster,m,other,comedy,3,750
TNK_Servant,m,other,comedy,6,72
TNK_Taborer,m,other,comedy,6,7
TNK_Theseus,m,protag,comedy,0,2378
TNK_Valerius,m,other,comedy,2,79
TNK_Woman,f,other,comedy,2,67
TNK_Wooer,m,other,comedy,5,776
TN_ATTENDANTS.OLIVIA.1,m,other,comedy,6,21
TN_ATTENDANTS.ORSINO.Curio,m,other,comedy,2,41
TN_ATTENDANTS.ORSINO.Valentine,m,other,comedy,2,102
TN_AndrewAguecheek,m,other,comedy,2,1171
TN_Antonio,m,other,comedy,3,803
TN_Captain,m,other,comedy,4,239
TN_Fabian,m,other,comedy,6,862
TN_Feste,m,fool,comedy,p,2443
TN_Malvolio,m,antag,comedy,2,2224
TN_Maria,f,other,comedy,2,1216
TN_OFFICERS.1,m,other,comedy,5,100
TN_OFFICERS.2,m,other,comedy,5,19
TN_Olivia,f,other,comedy,1,2311
TN_Orsino,m,other,comedy,0,1617
TN_Priest,m,other,comedy,3,57
TN_Sebastian,m,other,comedy,2,1005
TN_TobyBelch,m,other,comedy,2,2694
TN_Viola,f,protag,comedy,2,2564
Tim_ATTENDANTS.TIMON.0.1,m,other,tragedy,6,5
Tim_Alcibiades,m,other,tragedy,2,1181
Tim_Apemantus,m,other,tragedy,1,1759
Tim_BANDITS.1,m,other,tragedy,6,105
Tim_BANDITS.2,m,other,tragedy,6,50
Tim_BANDITS.3,m,other,tragedy,6,61
Tim_Cupid,m,other,tragedy,6,47
Tim_FRIENDS.0,m,other,tragedy,1,8
Tim_FRIENDS.0.1,m,other,tragedy,1,174
Tim_FRIENDS.0.2,m,other,tragedy,1,171
Tim_FRIENDS.0.3,m,other,tragedy,1,57
Tim_FRIENDS.0.4,m,other,tragedy,1,18
Tim_FRIENDS.Lucius,m,other,tragedy,1,353
Tim_FRIENDS.Lucullus,m,other,tragedy,1,282
Tim_FRIENDS.Sempronius,m,other,tragedy,1,212
Tim_FRIENDS.Ventidius,m,other,tragedy,1,63
Tim_Flavius,m,other,tragedy,3,1519
Tim_Fool,m,fool,tragedy,6,181
Tim_Jeweler,m,other,tragedy,4,78
Tim_LADIES,f,other,tragedy,1,4
Tim_LADIES.0.1,f,other,tragedy,1,13
Tim_LORDS,m,other,tragedy,1,4
Tim_LORDS.0.1,m,other,tragedy,1,122
Tim_LORDS.0.2,m,other,tragedy,1,119
Tim_LORDS.0.3,m,other,tragedy,1,24
Tim_MESSENGERS.X.1,m,other,tragedy,6,43
Tim_MESSENGERS.X.2,m,other,tragedy,6,9
Tim_MESSENGERS.X.3,m,other,tragedy,6,70
Tim_Merchant,m,other,tragedy,4,63
Tim_OldMan,m,other,tragedy,2,207
Tim_Painter,m,other,tragedy,p,483
Tim_Phrynia,f,other,tragedy,6,33
Tim_Poet,m,other,tragedy,p,758
Tim_SENATORS.0.1,m,other,tragedy,2,219
Tim_SENATORS.0.2,m,other,tragedy,2,74
Tim_SENATORS.0.3,m,other,tragedy,2,1
Tim_SENATORS.1,m,other,tragedy,2,376
Tim_SENATORS.2,m,other,tragedy,2,346
Tim_SENATORS.3,m,other,tragedy,2,16
Tim_SENATORS.4,m,other,tragedy,2,9
Tim_SENATORS.X,m,other,tragedy,2,281
Tim_SERVANTS.Caphis,m,other,tragedy,6,151
Tim_SERVANTS.Hortensius,m,other,tragedy,6,70
Tim_SERVANTS.ISIDORE.1,m,other,tragedy,6,64
Tim_SERVANTS.LUCIUS.1,m,other,tragedy,6,193
Tim_SERVANTS.LUCULLUS.1,m,other,tragedy,6,23
Tim_SERVANTS.Page,m,other,tragedy,6,48
Tim_SERVANTS.Philotus,m,other,tragedy,6,34
Tim_SERVANTS.TIMON.0.1,m,other,tragedy,6,41
Tim_SERVANTS.TIMON.0.2,m,other,tragedy,6,57
Tim_SERVANTS.TIMON.0.3,m,other,tragedy,6,47
Tim_SERVANTS.TIMON.1,m,other,tragedy,6,16
Tim_SERVANTS.TIMON.2,m,other,tragedy,6,22
Tim_SERVANTS.TIMON.3,m,other,tragedy,6,26
Tim_SERVANTS.TIMON.Flaminius,m,other,tragedy,6,220
Tim_SERVANTS.TIMON.Lucilius,m,other,tragedy,6,35
Tim_SERVANTS.TIMON.Servilius,m,other,tragedy,6,129
Tim_SERVANTS.TIMON.X.1,m,other,tragedy,6,28
Tim_SERVANTS.TIMON.X.2,m,other,tragedy,6,152
Tim_SERVANTS.Titus,m,other,tragedy,6,89
Tim_SERVANTS.VARRO.1,m,other,tragedy,6,122
Tim_SERVANTS.VARRO.2,m,other,tragedy,6,40
Tim_SOLDIERS.1,m,other,tragedy,6,118
Tim_STRANGERS.1,m,other,tragedy,2,230
Tim_STRANGERS.2,m,other,tragedy,2,48
Tim_STRANGERS.3,m,other,tragedy,2,4
Tim_Timandra,f,other,tragedy,6,44
Tim_Timon,m,protag,tragedy,p,6336
Tit_ATTENDANTS,m,other,tragedy,1,12
Tit_Aaron,m,antag,tragedy,2,2805
Tit_Aemilius,m,other,tragedy,1,132
Tit_Bassianus,m,other,tragedy,1,461
Tit_Captain,m,other,tragedy,4,41
Tit_Chiron,m,other,tragedy,1,403
Tit_CountryFellow,m,fool,tragedy,6,173
Tit_Demetrius,m,other,tragedy,1,720
Tit_GOTHS,m,other,tragedy,6,10
Tit_GOTHS.0,m,other,tragedy,6,38
Tit_GOTHS.0.1,m,other,tragedy,6,76
Tit_GOTHS.0.2,m,other,tragedy,6,170
Tit_Lavinia,f,other,tragedy,1,457
Tit_Lucius,m,other,tragedy,1,1412
Tit_Marcus,m,other,tragedy,1,2447
Tit_Martius,m,other,tragedy,1,273
Tit_Messenger,m,other,tragedy,6,56
Tit_Mutius,m,other,tragedy,1,25
Tit_Nurse,f,other,tragedy,5,136
Tit_Publius,m,other,tragedy,1,112
Tit_Quintus,m,other,tragedy,1,227
Tit_Saturninus,m,other,tragedy,1,1590
Tit_TRIBUNES,m,other,tragedy,4,31
Tit_TRIBUNES.0.1,m,other,tragedy,5,52
Tit_Tamora,f,other,tragedy,0,1981
Tit_Titus,m,protag,tragedy,1,5712
Tit_YoungLucius,m,other,tragedy,1,350
Tmp_Adrian,m,other,comedy,1,64
Tmp_Alonso,m,other,comedy,0,749
Tmp_Antonio,m,antag,comedy,1,991
Tmp_Ariel,m,other,comedy,7,1277
Tmp_Boatswain,m,other,comedy,4,353
Tmp_Caliban,m,other,comedy,6,1351
Tmp_Ferdinand,m,other,comedy,1,982
Tmp_Francisco,m,other,comedy,1,79
Tmp_Gonzalo,m,other,comedy,2,1157
Tmp_Miranda,f,other,comedy,1,1014
Tmp_Prospero,m,protag,comedy,0,4712
Tmp_SAILORS,m,other,comedy,6,8
Tmp_SPIRITS.Ceres,f,other,comedy,7,155
Tmp_SPIRITS.Iris,f,other,comedy,7,297
Tmp_SPIRITS.Juno,f,other,comedy,7,41
Tmp_Sebastian,m,other,comedy,1,699
Tmp_Shipmaster,m,other,comedy,4,17
Tmp_Stephano,m,other,comedy,5,1312
Tmp_Trinculo,m,other,comedy,3,816
Tro_ATTENDANTS.GREEK,m,other,tragedy,1,3
Tro_Achilles,m,other,tragedy,2,1304
Tro_Aeneas,m,other,tragedy,2,1052
Tro_Agamemnon,m,other,tragedy,2,1407
Tro_Ajax,m,other,tragedy,1,539
Tro_Alexander,m,other,tragedy,6,259
Tro_Andromache,f,other,tragedy,1,113
Tro_Antenor,m,other,tragedy,1,4
Tro_Bastard,m,other,tragedy,1,14
Tro_Boy,m,other,tragedy,6,16
Tro_Calchas,m,other,tragedy,3,229
Tro_Cassandra,f,other,tragedy,1,259
Tro_Cressida,f,other,tragedy,3,2119
Tro_Deiphobus,m,other,tragedy,1,14
Tro_Diomedes,m,other,tragedy,2,703
Tro_Hector,m,other,tragedy,1,1528
Tro_Helen,f,other,tragedy,1,187
Tro_Helenus,f,other,tragedy,3,37
Tro_MYRMIDONS.0.1,m,other,tragedy,6,8
Tro_Menelaus,m,other,tragedy,0,86
Tro_Nestor,m,other,tragedy,2,1135
Tro_Pandarus,m,other,tragedy,2,3154
Tro_Paris,m,other,tragedy,1,721
Tro_Patroclus,m,other,tragedy,3,404
Tro_Priam,m,other,tragedy,0,139
Tro_Prologue,m,other,tragedy,p,224
Tro_SERVANTS.DIOMEDES.1,m,other,tragedy,6,4
Tro_SERVANTS.PARIS.1,m,other,tragedy,6,117
Tro_SERVANTS.TROILUS.1,m,other,tragedy,6,10
Tro_SOLDIERS,m,other,tragedy,6,5
Tro_SOLDIERS.TROJAN,m,other,tragedy,1,4
Tro_Thersites,m,fool,tragedy,5,2287
Tro_Troilus,m,protag,tragedy,1,3962
Tro_Ulysses,m,other,tragedy,2,3520
WT_ATTENDANTS,m,other,comedy,1,19
WT_ATTENDANTS.0.1,m,other,comedy,1,261
WT_ATTENDANTS.1,m,other,comedy,2,221
WT_ATTENDANTS.2,m,other,comedy,2,126
WT_ATTENDANTS.3,m,other,comedy,2,594
WT_ATTENDANTS.X,m,other,comedy,1,172
WT_Antigonus,m,other,comedy,1,785
WT_Archidamus,m,other,comedy,1,176
WT_Autolycus,m,fool,comedy,p,2395
WT_Camillo,m,other,comedy,1,2094
WT_Chorus,m,other,comedy,p,266
WT_Cleomenes,m,other,comedy,1,140
WT_Dion,m,other,comedy,1,190
WT_Dorcas,f,other,comedy,5,67
WT_Florizell,m,other,comedy,1,1391
WT_Hermione,f,other,comedy,0,1584
WT_Jailer,m,other,comedy,3,72
WT_LADIES.0.1,f,other,comedy,1,49
WT_LADIES.0.2,f,other,comedy,1,21
WT_LADIES.Emilia,m,other,comedy,2,142
WT_Leontes,m,protag,comedy,0,4903
WT_Mamillius,m,other,comedy,1,151
WT_Mopsa,f,other,comedy,6,142
WT_OFFICERS.0.1,m,other,comedy,5,193
WT_Paulina,f,other,comedy,1,2390
WT_Perdita,f,other,comedy,1,898
WT_Polixenes,m,antag,comedy,0,1960
WT_SERVANTS.0,m,other,comedy,3,12
WT_SERVANTS.SHEPHERD.1,m,other,comedy,3,315
WT_SERVANTS.X.1,m,other,comedy,3,45
WT_SERVANTS.X.2,m,other,comedy,3,31
WT_SERVANTS.X.3,m,other,comedy,2,119
WT_Sailor,m,other,comedy,6,80
WT_Shepherd,m,other,comedy,5,1072
WT_ShepherdsSon,m,other,comedy,6,1597
Wiv_AnnePage,f,other,comedy,3,185
Wiv_BOYS,m,other,comedy,7,59
Wiv_Bardolph,m,other,comedy,5,168
Wiv_DoctorCaius,m,other,comedy,3,819
Wiv_Falstaff,m,antag,comedy,2,3649
Wiv_Fenton,m,other,comedy,2,750
Wiv_Host,m,other,comedy,3,855
Wiv_HughEvans,m,other,comedy,3,1849
Wiv_John,m,other,comedy,6,13
Wiv_MasterFord,m,other,comedy,3,2530
Wiv_MasterPage,m,other,comedy,3,1094
Wiv_MistressFord,f,other,comedy,3,1293
Wiv_MistressPage,f,protag,comedy,3,2528
Wiv_MistressQuickly,f,other,comedy,4,2200
Wiv_Nym,m,other,comedy,5,239
Wiv_Pistol,m,other,comedy,3,464
Wiv_Robert,m,other,comedy,6,20
Wiv_Robin,m,other,comedy,6,101
Wiv_Rugby,m,other,comedy,6,52
Wiv_Shallow,m,other,comedy,2,914
Wiv_Simple,m,other,comedy,6,332
Wiv_Slender,m,other,comedy,2,1171
Wiv_WilliamPage,m,other,comedy,3,37
